o café	café	o café	/u kɐ.ˈfɛ/	/ˈka.fi/	sm		coffee	/ˈkɒfi/	/ˈkɒfi/	n			café	/ˈkafe/		sm			<img src="_en_coffee.JPG">	café		kafe			Kaffee	der Kaffee				cafè					caffè											Português::Curso::A1 Português::Vocabulario::Alimentos Português::Vocabulario::Alimentos::Bebidas
a cerveja	cerveja	a cerveja	/ɐ sɨɾ.ˈvɐj.ʒɐ/	/seʁˈve.ʒɐ/	sf		beer	/bɪr/	/bɪə/	n			cerveza	/θeɾˈβeθa/		sust. fem.			<img src="_beer.jpg">	bière		[bjɛʀ]	nf	je veux prendre deux bouteilles de bière avant de partir	Bier					cervesa					birra											Português::Curso::A1 Português::Vocabulario::Alimentos Português::Vocabulario::Alimentos::Bebidas
o chá	chá	o chá	/u ˈʃa/	/ʃa/	sm		tea	/ti/	/tiː/	n			té			/te/			<img src="_cha.JPG">	thé		[te]	nm	je vous ai aussi apporté du thé	Tee					te					tè											Português::Curso::A1 Português::Vocabulario::Alimentos Português::Vocabulario::Alimentos::Bebidas
o leite	leite	o leite	/u ˈɫɐj.tɨ/	/ˈlej.tʃi/	sm		milk	/mɪlk/	/mɪlk/	n			leche	/ˈletʃe/		sust. fem.			<img src="_en_milk.JPG">	lait					Milch					llet					latte											Português::Curso::A1 Português::Vocabulario::Alimentos Português::Vocabulario::Alimentos::Bebidas
um sumo de laranja	sumo de laranja	um sumo de laranja	/ˈũ ˈsu.mu dɨ ɫɐ.ˈɾɐ̃.ʒɐ/	/ˈsumu dʒi laˈɾãʒɐ/	sm		orange juice	/ˈɔrɪndʒ ʤus/	/ˈɒrɪndʒ ʤuːs/	n			zumo de naranja						<img src="fresh-orange-juice-1614822_640.jpg">	jus dˈorange					Orangensaft					suc de taronja					succo d'arancia											Português::Curso::A1 Português::Vocabulario::Alimentos Português::Vocabulario::Alimentos::Bebidas
um chá	chá	um chá	/ˈũ ˈʃa/	/ʃa/	sm		a tea	/ə ti/	/ə tiː/	n			un té						<img src="_cha.JPG">	un thé					ein Tee					un te					un tè											Português::Curso::A1 Português::Vocabulario::Alimentos Português::Vocabulario::Alimentos::Bebidas
o vino	vino	o vino	/u ˈvi.nu/		sm		wine			n			vino						<img src="_vino_wine.JPG">																											Português::Curso::A1 Português::Vocabulario::Alimentos Português::Vocabulario::Alimentos::Bebidas
o morango	morango	o morango	/u mu.ˈɾɐ̃.gu/	/moˈɾɐ̃.ɡu/	sm		strawberry	/ˈstrɔːbəri/	/ˈstrɔːbəri/	n			fresa	/ˈfɾesa/		sf				fraise		fʀɛz			Erdbeere					maduixa					fragola											Português::Curso::A1 Português::Vocabulario::Alimentos::Frutas
a ameixa	ameixa	a ameixa	/ɐ ɐ.ˈmɐj.ʃɐ/	/ɐˈmej.ʃɐ/	sf		plum	/plʌm/	/plʌm/	n			ciruela	/θiˈɾwela/		sf				prune		/pʀyn/			Pflaume					pruna					prugna											Português::Curso::A1 Português::Vocabulario::Alimentos::Frutas
a banana	banana	a banana	/ɐ bɐ.ˈnɐ.nɐ/	/baˈna.nɐ/	sf		banana	/bəˈnænə/	/bəˈnɑːnə/	n			plátano	/ˈplɑtano/		sm, sf.				banane		/banan/			Banane	die Banane				banana					banana											Português::Curso::A1 Português::Vocabulario::Alimentos::Frutas
o limão	limão	o limão	/u ɫi.ˈmɐ̃w/	/liˈmɐ̃w̃/	sm		lemon	/ˈlɛmən/	/ˈlɛmən/	n			limón	/liˈmon/		s.m.				citron		/sitʀɔ̃/			Zitrone					llimona					limone											Português::Curso::A1 Português::Vocabulario::Alimentos::Frutas
a maçã	maçã	a maçã	/ɐ mɐ.ˈsɐ̃/	/maˈsɐ/	sf		apple	/ˈæpl̩/	/ˈæpl̩/	n			manzana	/manˈsana/		s.f.				pomme		/pɔm/	nf	Elle croqua la pomme avec un bruit qu’il détesta She crunched into the apple with a noise that he detested.	Apfel					poma					mela											Português::Curso::A1 Português::Vocabulario::Alimentos::Frutas
a(s) uva(s)	uva	a(s) uva(s)	/ɐz ˈu.vɐʃ/	/ˈu.vɐ/	sf		grape	/ɡreɪp/	/ɡreɪp/	n			uva	/ˈuβa/		sf			&amp;lt;img src=&amp;quot;_en_grapes.JPG&amp;quot;&amp;gt;	raisin					Traube					raïm					uva											Português::Curso::A1 Português::Vocabulario::Alimentos Português::Vocabulario::Alimentos::Frutas
a laranja	laranja (fruta)	a laranja	/ɐ ɫɐ.ˈɾɐ̃.ʒɐ/	/la.ˈɾɐ̃.ʒɐ/	sf		orange (fruit)	/ˈɔrɪndʒ/	/ˈɒrɪndʒ/	n			naranja (fruta)	/naˈɾaŋxa/						orange (fruit)		[ɔʀɑ͂ʒ]	adji,nf	ils cultivent des oranges	Orange (Frucht)					taronja (fruita)					arancia (frutta)											Português::Curso::A1 Português::Vocabulario::Alimentos::Frutas
a fruta	fruta	a fruta	/ɐ ˈfɾu.tɐ/	/ˈfɾu.tɐ/	sf		fruit	/frut/	/fruːt/	n			fruta							fruit					Obst					fruita					frutta											Português::Curso::A1 Português::Vocabulario::Alimentos::Frutas
o abacate	abacate	o abacate	/u ɐ.bɐ.ˈka.tɨ/	/ɐ.ba.ˈka.tʃi/	sm		avocado	/ˌævəˈkɑdoʊ/	/ˌævəˈkɑːdəʊ/	n			aguacate						&amp;lt;img src=&amp;quot;_avocado.jpg&amp;quot;&amp;gt;	avocat					Avocado					alvocat					avocado											Português::Curso::A1 Português::Vocabulario::Alimentos Português::Vocabulario::Alimentos::Frutas
o kiwi	kiwi	o kiwi	/u kɨ.ˈui/	/ˈki.wi/	sm		kiwi	/ˈkiwi/	/ˈkiːwi/	n			kiwi							kiwi					Kiwi					kiwi					kiwi											Português::Curso::A1 Português::Vocabulario::Alimentos::Frutas
a papaia	papaia	a papaia	/ɐ pɐ.ˈpaj.ɐ/	/pɐ.ˈpa.i.ɐ/	sf		papaya	/pəˈpaɪə/	/pəˈpaɪə/	n			papaya							papaye					Papaya					papaia					papaya											Português::Curso::A1 Português::Vocabulario::Alimentos::Frutas
a meloa	meloa	a meloa	/ɐ mɨ.ˈɫo.ɐ/	/mi.ˈlo.ɐ/	sf		melon	/ˈmɛlən/	/ˈmɛlən/	n			melón							melon					Melone					meló					melone											Português::Curso::A1 Português::Vocabulario::Alimentos::Frutas
o mamão	mamão	o mamão	/u mɐ.ˈmɐ̃w/	/ma.ˈmɐ̃w̃/	sm		papaya	/pəˈpaɪə/	/pəˈpaɪə/	n			papaya							papaye					Papaya					papaia					papaia											Português::Curso::A1 Português::Vocabulario::Alimentos::Frutas
a melancia	melancia	a melancia	/ɐ mɨ.ɫɐ̃.ˈsi.ɐ/	/mi.ˈlɐ̃.si.ɐ/	sf		watermelon	/ˈwɔtərmɛlən/	/ˈwɔːtəmɛlən/	n			sandía							pastèque					Wassermelone					síndria					anguria											Português::Curso::A1 Português::Vocabulario::Alimentos::Frutas
os frutos do bosque	frutos do bosque	os frutos do bosque	/uʃ ˈfɾu.tuʒ du ˈboʃ.kɨ/	/ˈfɾu.tus du ˈboʃ.ki/	smp		berries	/ˈbɛrɪz/	/ˈbɛrɪz/	nfp			frutos del bosque							baies					Beeren					fruita del bosc					frutti di bosco											Português::Curso::A1 Português::Vocabulario::Alimentos::Frutas
a manteiga	manteiga	a manteiga	/ɐ mɐ̃.ˈtɐj.gɐ/	/mɐ̃ˈtej.ɡɐ/	sf		butter	/ˈbʌtər/	/ˈbʌtə/	n			mantequilla	/manteˈkiʎa/		s.f.				beurre		/bœʀ/	nm	j’aurais appris à faire du beurre, du fromage I would have learned to make butter and cheese	Butter					mantega					burro											Português::Curso::A1 Português::Vocabulario::Alimentos
o(s) ovo(s)	ovo	o(s) ovo(s)	/uz ˈo.vuʃ/	/ˈɔ.vu/	sm		egg	/ɛɡ/	/ɛɡ/	n			huevo	/ˈwebo/		sust. masc.			&lt;img src=&quot;_en_egg.JPG&quot;&gt;	œuf		[œf, pl ø]	nm	n’oublie pas de chercher tes œufs de Pâques	Ei	das Ei				ou					uovo											Português::Curso::A1 Português::Vocabulario::Alimentos
o pão	pão	o pão	/u ˈpɐ̃w/	/ˈpɐ̃w̃/	sm		bread	/brɛd/	/brɛd/	n			pan	/pan/		sust. masc.				pain		[pɛ͂]	nm	ça grille le pain pendant qu’on le tranche	Brot					pa					pane											Português::Curso::A1 Português::Vocabulario::Alimentos
o queijo	queijo	o queijo	/u ˈkɐj.ʒu/	/ˈkej.ʒu/	sm		cheese	/tʃiz/	/tʃiːz/	n			queso	/ˈkeso/		sust. masc.				fromage		[fʀɔmaʒ]	nm	je n’ai jamais vraiment aimé les fromages	Käse					formatge					formaggio											Português::Curso::A1 Português::Vocabulario::Alimentos
o frango	frango	o frango	/u ˈfɾɐ̃.gu/	/ˈfɾɐ̃.ɡu/	sm		chicken						pollo						<img src="Chicken-raw.jpg">	poulet					Huhn					gallina					pollo											Português::Curso::A1 Português::Vocabulario::Alimentos Português::Vocabulario::Alimentos::Carne
os ovos meixidos	ovos meixidos	os ovos meixidos	/uz ˈo.vuʒ mɐj.ˈʃi.duʃ/	/ˈɔ.vuʃ mei.ˈʃi.ðuʃ/	smp		scrambled eggs	/ˈskræmbəld ɛɡz/	/ˈskræmbəld ɛɡz/	np			huevos revueltos							œufs brouillés					Rührei					ous remenats					uova strapazzate											Português::Curso::A1 Português::Vocabulario::Alimentos
os bolos	bolos	os bolos	/uʒ ˈbo.ɫuʃ/	/ˈbɔ.luʃ/	smp		cakes	/keɪks/	/keɪks/	nmp			pasteles							gâteaux					Kuchen					pastissos					torte											Português::Curso::A1 Português::Vocabulario::Alimentos
a salada	salada	a salada	/ɐ sɐ.ˈɫa.dɐ/	/sa.ˈla.ðɐ/	sf		salad	/ˈsæləd/	/ˈsæləd/	n			ensalada						&lt;img src=&quot;_en_salad.JPG&quot;&gt;	salade					Salat					amanida					insalata											Português::Curso::A1 Português::Vocabulario::Alimentos
a sopa	sopa	a sopa	/ɐ ˈso.pɐ/	/ˈso.pɐ/	sf	En Portugal la sopa es de vegetales y tiene una consistencia cremosa. Se acostumbra siempre en la comida y la cena.	soup	/suːp/	/suːp/	n			sopa							soupe					Suppe					sopa					zuppa											Português::Curso::A1 Português::Vocabulario::Alimentos
o chocolate	chocolate	o chocolate	/u ʃu.ku.ˈɫa.tɨ/	/ʃɔ.ku.ˈla.tʃi/	sm		chocolate	/ˈtʃɒklət/	/ˈtʃɒklət/	n			chocolate							chocolat					Schokolade					xocolata					cioccolato											Português::Curso::A1 Português::Vocabulario::Alimentos
o doce	doce	o doce	/u ˈdo.sɨ/	/ˈdɔ.si/	sm		jam	/dʒæm/	/dʒæm/	n			mermelada							confiture					Marmelade					melmelada					marmellata											Português::Curso::A1 Português::Vocabulario::Alimentos
as panquecas	panquecas	as panquecas	/ɐʃ pɐ̃.ˈke.kɐʃ/	/pɐ̃ˈke.kɐʃ/	sfp		pancakes	/ˈpænkeɪks/	/ˈpænkeɪks/	nmp			tortitas							crêpes					Pfannkuchen					panqueques					pancake											Português::Curso::A1 Português::Vocabulario::Alimentos
uma torrada	torrada	uma torrada	/ˈu.mɐ tu.ˈʁa.dɐ/	/to.ˈʁa.ðɐ/	sf		toast	/toʊst/	/toʊst/	n			tostada							pain grillé					Toast					torrada					pane tostato											Português::Curso::A1 Português::Vocabulario::Alimentos
o mel	mel	o mel	/u ˈmɛɫ/	/ˈmɛw̃/	sm		honey	/ˈhʌni/	/ˈhʌni/	n			miel							miel					Honig					mel					miele											Português::Curso::A1 Português::Vocabulario::Alimentos
a massa	massa	a massa	/ɐ ˈma.sɐ/	/ˈma.sɐ/	sf		pasta	/ˈpæstə/	/ˈpæstə/	np			pasta							pâtes					Nudeln					massa					pasta											Português::Curso::A1 Português::Vocabulario::Alimentos
as papas de aveia	papas de aveia	as papas de aveia	/ɐʃ ˈpa.pɐʒ dɨ ɐ.ˈvɐj.ɐ/	/&#x27;pa.pɐʒ dʒi a.ˈve.jɐ/	sfp		oatmeal	/ˈoʊtml̩/	/ˈəʊtmiːl/	n			avena							avoine					Haferflocken					civada					fiocchi d&#x27;avena											Português::Curso::A1 Português::Vocabulario::Alimentos
o açúcar	açúcar	o açúcar	/u ɐ.ˈsu.kaɾ/	/aˈsu.kaʁ/	sm		sugar	/ˈʃʊɡər/	/ˈʃʊɡə/	n			azúcar							sucre					Zucker					sucre					zucchero											Português::Curso::A1 Português::Vocabulario::Alimentos
os biscoitos	biscoitos	os biscoitos	/uʒ bɨʃ.ˈkoj.tuʃ/	/bis.ˈkɔj.tus/	smp		cookies	/ˈkʊkiz/	/ˈkʊkiz/	np			galletas							biscuits					Kekse					galetes					biscotti											Português::Curso::A1 Português::Vocabulario::Alimentos
os frutos secos	frutos secos	os frutos secos	/uʃ ˈfɾu.tuʃ ˈse.kuʃ/	/ˈfɾu.tus ˈse.kus/	smp		nuts	/nʌts/	/nʌts/	np			frutos secos							fruits secs					Nüsse					fruit sec					frutta secca											Português::Curso::A1 Português::Vocabulario::Alimentos
o queijo para barrar	queijo para barrar	o queijo para barrar	/u ˈkɐj.ʒu pɐ.ɾɐ ba.ˈʁaɾ/	/ˈkei.ʒu pa.ɾa ˈba.ʁaʁ/	sm		cream cheese	/kriːm tʃiz/	/kriːm tʃiːz/	n			queso para untar							fromage à tartiner					Frischkäse					formatge per untar					formaggio spalmabile											Português::Curso::A1 Português::Vocabulario::Alimentos
o creme (alimento)	creme	o creme	/u ˈkɾe.mɨ/	/ˈkɾe.mi/	sm		cream	/kriːm/	/kriːm/	n			crema							crème					Sahne					crema					panna											Português::Curso::A1 Português::Vocabulario::Alimentos
o caldo-verde	caldo-verde	o caldo-verde	/u ˈkaɫ.du-ˈveɾ.dɨ/	/ˌkaɫ.ðu ˈveɾ.ði/	sm		caldo verde	/ˈkældu ˈvɛrdi/	/ˈkældəʊ ˈvɜːdi/	n			caldo verde							caldo vert					Grünkohlsuppe					caldo verd					zuppa di cavolo verde											Português::Curso::A1 Português::Vocabulario::Alimentos
a canja	canja	a canja	/ɐ ˈkɐ̃.ʒɐ/	/ˈkɐ̃.ʒɐ/	sf		chicken soup	/ˈʧɪkɪn sup/	/ˈʧɪkɪn suːp/	np			sopa de pollo							soupe au poulet					Hühnersuppe					sopa de pollastre					zuppa di pollo											Português::Curso::A1 Português::Vocabulario::Alimentos
o molho	molho	o molho	/u ˈmo.ʎu/	/ˈmo.ʎu/	sm		sauce	/sɔs/	/sɔːs/	n			salsa							sauce					Soße					salsa					salsa											Português::Curso::A1 Português::Vocabulario::Alimentos
a letria	letria	a letria	/ɐ ɫɨ.ˈtɾi.ɐ/	/leˈtɾi.a/	sf		letria	/ˈlɛtriə/	/ˈlɛtriə/	n			letria							letria					letria					letria					letria											Português::Curso::A1 Português::Vocabulario::Alimentos
o fiambre	fiambre	o fiambre	/u fi.ˈɐ̃.bɾɨ/	/fi.ˈɐ̃bɾi/	sm		ham	/hæm/	/hæm/	n			jamón							jambon					Schinken					pernil dolç					prosciutto cotto											Português::Curso::A1 Português::Vocabulario::Alimentos
o bacon	bacon	o bacon	/u bɐ.ˈkon/	/ˈba.kõ/	sm		bacon	/ˈbeɪkən/	/ˈbeɪkən/	n			bacon							bacon					Speck					bacon					pancetta											Português::Curso::A1 Português::Vocabulario::Alimentos
o fiambre de peito de frango	fiambre de peito de frango	o fiambre de peito de frango	/u fi.ˈɐ̃.bɾɨ dɨ ˈpɐj.tu dɨ ˈfɾɐ̃.gu/	/fi.ˈɐ̃bɾi ði ˈpɐj.tu ði ˈfɾɐ̃.ɡu/	sm		chicken breast ham	/ˈʧɪkɪn brɛst hæm/	/ˈʧɪkɪn brɛst hæm/	n			pechuga de pollo							jambon de poulet					Hähnchenbrustschinken					pernil de pit de pollastre					prosciutto di petto di pollo											Português::Curso::A1 Português::Vocabulario::Alimentos
o presunto	presunto	o presunto	/u pɾɨ.ˈzũ.tu/	/pɾi.ˈzũ.tu/	sm		ham	/hæm/	/hæm/	n			jamón curado							jambon sec					Schinken					pernil					prosciutto crudo											Português::Curso::A1 Português::Vocabulario::Alimentos
o café da manhã	café da manhã (BR)	o café da manhã	/u kɐ.ˈfɛ dɐ mɐ.ˈɲɐ̃/	/ˈka.fe dɐ maˈɲɐ̃/	sm		breakfast	/ˈbrɛkfəst/	/ˈbrɛkfəst/	n			desayuno	/desaˈʝuno/		sust. masc.				petit-déjeuner		pəti deʒœne			Frühstück	das Frühstück				esmorzar					colazione											Português::Curso::A1 Português::Vocabulario::Alimentos::Refeições
o almoço	almoço	o almoço	/u aɫ.ˈmo.su/	/aˈlmu.su/	sm		lunch	/lʌnʧ/	/lʌntʃ/	n			almuerzo							déjeuner					Mittagessen					dinar					pranzo											Português::Curso::A1 Português::Vocabulario::Alimentos::Refeições
o jantar	jantar	o jantar	/u ʒɐ̃.ˈtaɾ/	/ʒɐ̃ˈtaʁ/	sm		dinner	/ˈdɪnər/	/ˈdɪnə/	n			cena							dîner					Abendessen					sopar					cena											Português::Curso::A1 Português::Vocabulario::Alimentos::Refeições
a refeição	refeição	a refeição	/ɐ ʁɨ.fɐj.ˈsɐ̃w/	/ʁi.fɐj.ˈsɐ̃w̃/	sf		meal	/mil/	/miːl/	n			comida							repas					Mahlzeit					àpat					pasto											Português::Curso::A1 Português::Vocabulario::Alimentos::Refeições
o pequeno-almoço (PT)	pequeno-almoço (PT)	o pequeno-almoço	/u pɨ.ˈke.nu-aɫ.ˈmo.su/	/pi.ˌke.nu aɫ.ˈmu.su/	sm		breakfast	/ˈbrɛkfəst/	/ˈbrɛkfəst/	n			desayuno							petit-déjeuner					Frühstück					esmorzar					colazione											Português::Curso::A1 Português::Vocabulario::Alimentos::Refeições
o mata-bicho (ANG)	mata-bicho (ANG	o mata-bicho	/u ˈma.tɐ-ˈbi.ʃu/	/ˌma.ta ˈbi.ʃu/	sm		breakfast	/ˈbrɛkfəst/	/ˈbrɛkfəst/	n			desayuno							petit-déjeuner					Frühstück					esmorzar					colazione											Português::Curso::A1 Português::Vocabulario::Alimentos::Refeições
as refeições	refeições	as refeições	/ɐʒ ʁɨ.fɐj.ˈsõjʃ/		sfp		meals																																							Português::Curso::A1 Português::Vocabulario::Alimentos::Refeições
o peixe	peixe	o peixe	/u ˈpɐj.ʃɨ/	/ˈpej.ʃi/	sm	In Portuguese, the word &quot;peixe&quot; can be used for both the living animal (fish) and the prepared food (fish as a meal).	fish	/fɪʃ/	/fɪʃ/	n			pescado	/pes/		sust. masc.				poisson		[pwasɔ͂]	nm	nous pouvons bien survivre sans manger du poisson	Fisch					peix (aliment)					pesce (cibo)											Português::Curso::A1 Português::Vocabulario::Alimentos Português::Vocabulario::Alimentos::Peixe_e_Moluscos
o salmão	salmão	o salmão	/u saɫ.ˈmɐ̃w/	/saw̃.ˈlɐ̃w̃/	sm		salmon	/ˈsæmən/	/ˈsæmən/	n		sam-un&lt;br&gt;A type of fish we eat.	salmón							saumon					Lachs					salmó					salmone											Português::Curso::A1 Português::Vocabulario::Alimentos Português::Vocabulario::Alimentos::Peixe_e_Moluscos
o bacalhau	bacalhau	o bacalhau	/u bɐ.kɐ.ˈʎaw/	/ba.ka.ˈʎaw̃/	sm		codfish	/ˈkɒdˌfɪʃ/	/ˈkɒdˌfɪʃ/	n			bacalao							morue					Kabeljau					bacallà					baccalà											Português::Curso::A1 Português::Vocabulario::Alimentos::Peixe_e_Moluscos
o polvo	polvo	o polvo	/u ˈpɔɫ.vu/	/ˈpoɫ.vu/	sm		octopus						pulpo							poulpe					Oktopus					polp					polpo											Português::Curso::A1 Português::Vocabulario::Alimentos::Peixe_e_Moluscos Português::Vocabulario::Falso_Amigo
as sardinhas	sardinha	as sardinhas	/ɐʃ saɾ.ˈdi.ɲɐʃ/	/saɾ.ˈdi.ɲɐ/	sf		sardine						sardina							sardine					Sardine					sardina					sardina											Português::Curso::A1 Português::Vocabulario::Alimentos::Peixe_e_Moluscos
a truta	truta	a truta	/ɐ ˈtɾu.tɐ/	/ˈtɾu.tɐ/	sf		trout						trucha							truite					Forelle					truita					trota											Português::Curso::A1 Português::Vocabulario::Alimentos::Peixe_e_Moluscos
a amêijoa	amêijoa	a amêijoa	/ɐ ɐ.ˈmɐj.ʒu.ɐ/	/a.ˈme.ʒw̃ɐ/	sf		clam						almeja							palourde					Muschel					ametla					vongola											Português::Curso::A1 Português::Vocabulario::Alimentos::Peixe_e_Moluscos
a anchova	anchova	a anchova	/ɐ ɐ̃.ˈʃo.vɐ/	/ã.ˈʃɔ.va/, /ẽ.ˈʃɔ.va/	sf	Ou  &quot;a enchova&quot;	anchovy						anchoa, boquerón							anchois					Sardelle					anxova					acciuga											Português::Curso::A1 Português::Vocabulario::Alimentos Português::Vocabulario::Alimentos::Peixe_e_Moluscos
o arenque	arenque	o arenque	/u ɐ.ˈɾẽ.kɨ/	/a.ˈɾẽ.ki/	sm		herring						arenque							hareng					Hering					arenca					aringa											Português::Curso::A1 Português::Vocabulario::Alimentos::Peixe_e_Moluscos
o atum	atum	o atum	/u ɐ.ˈtũ/	/a.ˈtũ/	sm		tuna						atún							thon					Thunfisch					tonyina					tonno											Português::Curso::A1 Português::Vocabulario::Alimentos::Peixe_e_Moluscos
o lavagante	lavagante	o lavagante	/u ɫɐ.vɐ.ˈgɐ̃.tɨ/	/la.va.ˈɡɐ̃.ti/	sm		lobster						bogavante							homard					Languste					langosta					aragosta											Português::Curso::A1 Português::Vocabulario::Alimentos::Peixe_e_Moluscos
a cavala	cavala	a cavala	/ɐ kɐ.ˈva.ɫɐ/	/ka.ˈva.lɐ/	sf		mackerel						caballa							maquereau					Makrele					caballa					sgombro											Português::Curso::A1 Português::Vocabulario::Alimentos::Peixe_e_Moluscos
a lula	lula	a lula	/ɐ ˈɫu.ɫɐ/	/ˈlu.lɐ/	sf		squid						calamar							calmar					Tintenfisch					llúdriga					calamaro											Português::Curso::A1 Português::Vocabulario::Alimentos::Peixe_e_Moluscos
o caranguejo	caranguejo	o caranguejo	/u kɐ.ɾɐ̃.ˈgɐj.ʒu/	/ka.ɾɐ̃.ˈɡe.ʒu/	sm		crab						cangrejo							crabe					Krabbe					cranc					granchio											Português::Curso::A1 Português::Vocabulario::Alimentos::Peixe_e_Moluscos
os camarões	camarões	os camarões	/uʃ kɐ.mɐ.ˈɾõjʃ/	/ka.ma.ˈɾõj̃ʃ/, /ˈɡɐ̃.bas/	smp sfp		shrimp						gambas							crevette					Garnelen					cambró					gambero											Português::Curso::A1 Português::Vocabulario::Alimentos::Peixe_e_Moluscos
o carapau	carapau	o carapau	/u kɐ.ɾɐ.ˈpaw/	/ka.ɾa.ˈpaw/	sm		horse mackerel						jurel							chinchard					Makrele					macarel					maccarello											Português::Curso::A1 Português::Vocabulario::Alimentos::Peixe_e_Moluscos
a lagosta	lagosta	a lagosta	/ɐ ɫɐ.ˈgoʃ.tɐ/	/la.ˈɡɔʃ.tɐ/	sf		lobster						langosta							langouste					Languste					llagosta					aragosta											Português::Curso::A1 Português::Vocabulario::Alimentos::Peixe_e_Moluscos
o mexilhão	mexilhão	o mexilhão	/u mɨ.ʃi.ˈʎɐ̃w/	/ˌme.ʃi.ˈʎɐ̃w̃/	sm		mussel						mejillón							moule					Muschel					musclo					cozze											Português::Curso::A1 Português::Vocabulario::Alimentos::Peixe_e_Moluscos
a pescada	pescada	a pescada	/ɐ pɨʃ.ˈka.dɐ/	/piʃ.ˈka.dɐ/	sf		hake						merluza							aiglefin					Schellfisch					pelada					pesce											Português::Curso::A1 Português::Vocabulario::Alimentos::Peixe_e_Moluscos
as ostras	ostra	as ostras	/ɐz ˈoʃ.tɾɐʃ/	/ˈɔʃ.tɾɐ/	sf		oyster						ostra							huître					Auster					ostra					ostrica											Português::Curso::A1 Português::Vocabulario::Alimentos::Peixe_e_Moluscos
o óleo	óleo	o óleo	/u ˈɔ.ɫi.u/	/ˈɔ.le.u/	sm		oil						aceite (no de aceituna)							huile					Öl					oli					olio											Português::Curso::A1 Português::Vocabulario::Alimentos::Temperos
o manjericão	manjericão	o manjericão	/u mɐ̃.ʒɨ.ɾi.ˈkɐ̃w/	/mɐ̃.ʒe.ɾi.ˈkɐ̃w̃/	sm		basil						albahaca							basilic					Basilikum					basilic					basilico											Português::Curso::A1 Português::Vocabulario::Alimentos::Temperos
o açafrão	açafrão	o açafrão	/u ɐ.sɐ.ˈfɾɐ̃w/	/ɐ.ˈsa.fɾɐ̃w̃/	sm		saffron						azafrán							safran					Safran					safrà					saffron											Português::Curso::A1 Português::Vocabulario::Alimentos::Temperos
a canela	canela	a canela	/ɐ kɐ.ˈne.ɫɐ/	/sɐ.ˈne.lɐ/	sf		cinnamon						canela							cannelle					Zimt					canella					cannella											Português::Curso::A1 Português::Vocabulario::Alimentos::Temperos
o coentro	coentro	o coentro	/u ku.ˈẽ.tɾu/	/kwẽ.ˈtɾu/	sm		coriander						cilantro							coriandre					Koriander					coriant					coriandolo											Português::Curso::A1 Português::Vocabulario::Alimentos::Temperos
o cominho	cominho	o cominho	/u ku.ˈmi.ɲu/	/ku.ˈmi.ɲu/	sm		cumin						comino							cumin					Kreuzkümmel					cumí					comino											Português::Curso::A1 Português::Vocabulario::Alimentos::Temperos
o louro	louro	o louro	/u ˈɫo.ɾu/	/ˈlow.ɾu/	sm		bay leaf						laurel							laurier					Lorbeer					llorer					alloro											Português::Curso::A1 Português::Vocabulario::Alimentos::Temperos
a mostarda	mostarda	a mostarda	/ɐ muʃ.ˈtaɾ.dɐ/	/moʃ.ˈtaɾ.dɐ/	sf		mustard						mostaza							moutarde					Most					mostassa					mostarda											Português::Curso::A1 Português::Vocabulario::Alimentos::Temperos
o orégão	orégão	o orégão	/u o.ˈɾɛ.gɐ̃w/	/o.ˈɾɛ.ɡɐ̃w̃/	sm		oregano						orégano							origan					Oregano					orenga					origano											Português::Curso::A1 Português::Vocabulario::Alimentos::Temperos
a salsa	salsa	a salsa	/ɐ ˈsaɫ.sɐ/	/ˈsal.sɐ/	sf		parsley						perejil							persil					Petersilie					panyil					prezzemolo											Português::Curso::A1 Português::Vocabulario::Alimentos::Temperos
a pimenta	pimenta	a pimenta	/ɐ pi.ˈmẽ.tɐ/	/pi.ˈmẽ.tɐ/	sf		pepper						pimienta							poivre					Pfeffer					piment					pepe											Português::Curso::A1 Português::Vocabulario::Alimentos::Temperos
o vinagre	vinagre	o vinagre	/u vi.ˈna.gɾɨ/	/vi.ˈna.ɡɾi/	sm		vinegar						vinagre							vinaigre					Essig					vinagre					aceto											Português::Curso::A1 Português::Vocabulario::Alimentos::Temperos
as especiarias	especiarias	as especiarias	/ɐz ʃ.pɨ.si.ɐ.ˈɾi.ɐʃ/	/ˌɛs.pɛ.sɪ.ɐ.ˈri.ɐʃ/	sfp		spices						especias							épices					Gewürze					especíes					spezie											Português::Curso::A1 Português::Vocabulario::Alimentos::Temperos
as ervas aromáticas	ervas aromáticas	as ervas aromáticas	/ɐz ˈeɾ.vɐz ɐ.ɾu.ˈma.ti.kɐʃ/	/ˈɛr.vɐz a.ɾo.ˈma.ti.kɐʃ/	sfp		herbs						hierbas aromáticas							herbes aromatiques					Kräuter					herbes aromaticas					erbe aromatiche											Português::Curso::A1 Português::Vocabulario::Alimentos::Temperos
os temperos	temperos	os temperos	/uʃ tẽ.ˈpe.ɾuʃ/	/tẽ.ˈpɛ.ɾus/	smp		seasonings						condimentos, sazonadores							assaisonnements					Gewürze					sazonadures					spezie											Português::Curso::A1 Português::Vocabulario::Alimentos::Temperos
os legumes	legumes	os legumes	/uʒ ɫɨ.ˈgu.mɨʃ/	/ˈlɛ.ɡu.mɨʃ/	smp		vegetables						verduras							légumes					Gemüse					vegetals					verdure											Português::Curso::A1 Português::Vocabulario::Alimentos::Legumes_Vegetais
as azeitonas	azeitonas	as azeitonas	/ɐz ɐ.zɐj.ˈto.nɐʃ/	/ɐ.zɛj.ˈto.na/	sf		olive						aceituna							olive					Olive					oliva					oliva											Português::Curso::A1 Português::Vocabulario::Alimentos::Legumes_Vegetais
o alho	alho	o alho	/u ˈa.ʎu/	/ˈa.ʎu/	sm		garlic						ajo							ail					Knoblauch					all					iacapo											Português::Curso::A1 Português::Vocabulario::Alimentos::Legumes_Vegetais
o aipo	aipo	o aipo	/u ˈaj.pu/	/ˈaj.pu/	sm		celery						apio							céleri					Sellerie					api					cedro											Português::Curso::A1 Português::Vocabulario::Alimentos::Legumes_Vegetais
a bernigela	bernigela	a bernigela	/ɐ bɨɾ.nɨ.ˈʒe.ɫɐ/	/bɛɾ.ni.ˈʒɛ.la/	sf		black cumin						berengena							nigelle					Schwarzkümmel					nigella					nigella											Português::Curso::A1 Português::Vocabulario::Alimentos::Legumes_Vegetais
os brócolos	brócolos	os brócolos	/uʒ ˈbɾɔ.ku.ɫuʃ/	/ˈbɾɔ.ku.lus/	smp		broccoli						brócoli							brocoli					Brokkoli					bròquil					broccoli											Português::Curso::A1 Português::Vocabulario::Alimentos::Legumes_Vegetais
a curgete	curgete	a curgete	/ɐ kuɾ.ˈʒe.tɨ/	/kuʁ.ˈʒɛ.tɨ/, /kur.ˈʒɛt/	sf	ou a courgette	zucchini						calabacín							courgette					Zucchini					cabassó					zucchina											Português::Curso::A1 Português::Vocabulario::Alimentos::Legumes_Vegetais
a cebola	cebola	a cebola	/ɐ sɨ.ˈbo.ɫɐ/	/sɛ.ˈbɔ.la/	sf		onion						cebolla							oignon					Zwiebel					cebolla					cipolla											Português::Curso::A1 Português::Vocabulario::Alimentos::Legumes_Vegetais
a couve	couve	a couve	/ɐ ˈko.vɨ/	/ˈko.vɨ/	sf		cabbage						col, repollo							chou					Kohl					col					col											Português::Curso::A1 Português::Vocabulario::Alimentos::Legumes_Vegetais
a couve-flor	couve-flor	a couve-flor	/ɐ ˈko.vɨ-ˈfɫoɾ/	/ˈko.vɨ ˈfɫoɾ/	sf		cauliflower						coliflor							chou-fleur					Blumenkohl					coliflor					cavolfiore											Português::Curso::A1 Português::Vocabulario::Alimentos::Legumes_Vegetais
o espargo	espargo	o espargo	/u ʃ.ˈpaɾ.gu/	/is.ˈpar.ɡu/	sm		asparagus						espárrago							asperge					Spargel					espàrrec					asparago											Português::Curso::A1 Português::Vocabulario::Alimentos::Legumes_Vegetais
os espinafres	espinafres	os espinafres	/uz ʃ.pi.ˈna.fɾɨʃ/	/is.pi.na.ˈfɾɨʃ/	smp		spinach						espinacas							épinards					Spinat					espinacs					spinaci											Português::Curso::A1 Português::Vocabulario::Alimentos::Legumes_Vegetais
o grão de bico	grão de bico	o grão de bico	/u ˈgɾɐ̃w dɨ ˈbi.ku/	/ˈɡɾɐ̃w̃ dɨ ˈbi.ku/	sm		chickpea						garbanzo							pois chiche					Kichererbse					cigronet					cicerchia											Português::Curso::A1 Português::Vocabulario::Alimentos::Legumes_Vegetais
as ervilhas	ervilhas	as ervilhas	/ɐz iɾ.ˈvi.ʎɐʃ/	/is.ˈvi.ʎɐʃ/	sfp		peas						guisantes							pois					Erbsen					piselli					piselli											Português::Curso::A1 Português::Vocabulario::Alimentos::Legumes_Vegetais
as favas	favas	as favas	/ɐʃ ˈfa.vɐʃ/	/ˈfa.vɐʃ/	sfp		broad beans						habas							fèves					Saubohnen					faves					fave											Português::Curso::A1 Português::Vocabulario::Alimentos::Legumes_Vegetais
o feijão	feijão	o feijão	/u fɐj.ˈʒɐ̃w/	/fej.ˈʒɐ̃w̃/	sm		beans						judía							haricots					Bohnen					fejão					fagiolo											Português::Curso::A1 Português::Vocabulario::Alimentos::Legumes_Vegetais
o feijão verde	feijão verde	o feijão verde	/u fɐj.ˈʒɐ̃w ˈveɾ.dɨ/	/fej.ˈʒɐ̃w̃ ˈveɾ.ði/	sm		green beans						judías verdes							haricots verts					Grüne Bohnen					fejó verd					fagiolo verde											Português::Curso::A1 Português::Vocabulario::Alimentos::Legumes_Vegetais
a alface	alface	a alface	/ɐ aɫ.ˈfa.sɨ/	/aɫ.ˈfa.sɨ/	sf		lettuce						lechuga							laitue					Kopfsalat					enciam					lattuga											Português::Curso::A1 Português::Vocabulario::Alimentos::Legumes_Vegetais
a batata	batata	a batata	/ɐ bɐ.ˈta.tɐ/	/ba.ˈta.tɐ/	sf		potato						patata							pomme de terre					Kartoffel					patata					patata											Português::Curso::A1 Português::Vocabulario::Alimentos::Legumes_Vegetais
o pepino	pepino	o pepino	/u pɨ.ˈpi.nu/	/pi.ˈpi.nu/	sm		cucumber						pepino							concombre					Gurke					cogombre					cetriolo											Português::Curso::A1 Português::Vocabulario::Alimentos::Legumes_Vegetais
o pimentão	pimentão	o pimentão	/u pi.mẽ.ˈtɐ̃w/	/pi.mẽ.ˈtɐ̃w̃/	sm		bell pepper						pimiento							poivron					Paprika					pebrot					peperone											Português::Curso::A1 Português::Vocabulario::Alimentos::Legumes_Vegetais
o cogumelo	cogumelo	o cogumelo	/u ku.gu.ˈme.ɫu/	/ko.ɡu.ˈmɛ.lu/	sm		mushroom						champiñon, seta							champignon					Pilz					cogombre					funghi											Português::Curso::A1 Português::Vocabulario::Alimentos::Legumes_Vegetais
a cenoura	cenoura	a cenoura	/ɐ sɨ.ˈno.ɾɐ/	/se.ˈno.ɾɐ/	sf		carrot						zanahoria							carotte					Möhre					carabassa					carota											Português::Curso::A1 Português::Vocabulario::Alimentos::Legumes_Vegetais
o porco	porco	o porco	/u ˈpoɾ.ku/	/ˈpoɾ.ku/	sm		pork						cerdo							porc					Schweinefleisch					porc					porc											Português::Curso::A1 Português::Vocabulario::Alimentos::Carne
o veado	veado	o veado	/u vi.ˈa.du/	/vi.ˈa.ðu/	sm		deer						ciervo							cerf					Hirsch					cervol					cervo											Português::Curso::A1 Português::Vocabulario::Alimentos::Carne
a codorniz	codorniz	a codorniz	/ɐ ku.duɾ.ˈniʃ/	/ko.ðoɾ.ˈniʃ/	sf		quail						codorniz							caille					Wachtel					cordella					coturnice											Português::Curso::A1 Português::Vocabulario::Alimentos::Carne
o coelho	coelho	o coelho	/u ku.ˈɐ.ʎu/	/ko.ˈe.ʎu/	sm		rabbit						conejo							lapin					Kaninchen					conill					coniglio											Português::Curso::A1 Português::Vocabulario::Alimentos::Carne
o borrego	borrego	o borrego	/u bu.ˈʁe.gu/	/bo.ˈʁɛ.ɡu/	sm		lamb						cordero							agneau					Lamm					vedella					agnello											Português::Curso::A1 Português::Vocabulario::Alimentos::Carne
o faisão	faisão	o faisão	/u faj.ˈzɐ̃w/	/faɪ̯.ˈzɐ̃w̃/	sm		pheasant						faisán							faisan					Fasan					feixó					fagiano											Português::Curso::A1 Português::Vocabulario::Alimentos::Carne
a galinha	galinha	a galinha	/ɐ gɐ.ˈɫi.ɲɐ/	/ga.ˈli.ɲɐ/	sf		chicken						gallina							poulet					Huhn					gallina					pollo											Português::Curso::A1 Português::Vocabulario::Alimentos::Carne
a lebre	lebre	a lebre	/ɐ ˈɫe.bɾɨ/	/ˈlɛ.bɾɨ/	sf		hare						liebre							lièvre					Hase					lebre					lepre											Português::Curso::A1 Português::Vocabulario::Alimentos::Carne
o pato	pato	o pato	/u ˈpa.tu/	/ˈpa.tu/	sm		duck						pato							canard					Ente					ànec					anatra											Português::Curso::A1 Português::Vocabulario::Alimentos::Carne
o peru	peru	o peru	/u pɨ.ˈɾu/	/ˈpe.ɾu/	sm		turkey						pavo							dinde					Truthahn					gall dindi					tacchino											Português::Curso::A1 Português::Vocabulario::Alimentos::Carne
a perdiz	perdiz	a perdiz	/ɐ pɨɾ.ˈdiʃ/	/peɾ.ˈdiʒ/	sf		partridge						perdiz							perdrix					Rebhuhn					perdiu					pernice											Português::Curso::A1 Português::Vocabulario::Alimentos::Carne
a vitela	vitela	a vitela	/ɐ vi.ˈte.ɫɐ/	/vi.ˈte.lɐ/	sf		veal						ternera							veau					Kalbfleisch					vedella					vitello											Português::Curso::A1 Português::Vocabulario::Alimentos::Carne
a vaca	vaca	a vaca	/ɐ ˈva.kɐ/	/ˈva.kɐ/	sf		cow						vaca							vache					Kuh					vaca					mucca											Português::Curso::A1 Português::Vocabulario::Alimentos::Carne
o touro	touro	o touro	/u ˈto.ɾu/	/ˈto.ɾu/	sm		bull						toro							taureau					Stier					bou					toro											Português::Curso::A1 Português::Vocabulario::Alimentos::Carne
a carne	carne	a carne	/ɐ ˈkaɾ.nɨ/	/ˈkaɾ.ni/	sf		meat						carne							viande					Fleisch					carn					carne											Português::Curso::A1 Português::Vocabulario::Alimentos::Carne
o restaurante	restaurante	o restaurante	/u ʁɨʃ.taw.ˈɾɐ̃.tɨ/	/ʁes.tawˈɾɐ̃.tʃi/	sm		restaurant	/ˈrɛstərɒnt/		noun			restaurante	/restauˈɾante/		sust. masc.				restaurant		[ʀɛstɔʀɑ͂]	nm	j’avais pensé l’emmener au restaurant	das Restaurant					restaurant				n												Português::Curso::A1 Português::Vocabulario::Alimentos::No_Restaurante
a ementa (PT)	ementa	a ementa	/ɐ i.ˈmẽ.tɐ/	/i.ˈmẽ.tɐ/	sf	o cardápio (BR)	menu	/ˈmɛnjuː/	/ˈmɛnjuː/	n			menú							menu					Menü					menú					menù											Português::Curso::A1 Português::Vocabulario::Alimentos::No_Restaurante
um prato	prato	um prato	/um pra.to/	/ˈpɾa.tu/	sm	&lt;i&gt;O prato estava cheio de comida deliciosa.&lt;/i&gt;	plate						plato						<img src="_prato.JPG">	assiette					Teller					plat					piatto											Português::Curso::A1 Português::Vocabulario::Alimentos::Louça Português::Vocabulario::Alimentos::No_Restaurante Português::Vocabulario::Casa::Cozinha::Louça
um garfo	garfo	um garfo	/um gar.fo/	/ˈɡaɾ.fo/	sm	&lt;i&gt;Peguei no garfo e comencei a saborear o jantar.&lt;/i&gt;	fork						tenedor						<img src="_en_fork.JPG">	forchetta					Gabel					forquilla					forchetta											Português::Curso::A1 Português::Vocabulario::Alimentos::Louça Português::Vocabulario::Alimentos::No_Restaurante Português::Vocabulario::Casa::Cozinha::Louça
uma faca	faca	uma faca	/u.ma fa.ca/	/ˈfa.ka/	sf	&lt;i&gt;A faca estava afilada e cortou a carne facilmente.&lt;/i&gt;	knife						cuchillo						<img src="_en_knife.JPG">	couteau					Messer					cotxeillo					coltello											Português::Curso::A1 Português::Vocabulario::Alimentos::Louça Português::Vocabulario::Alimentos::No_Restaurante Português::Vocabulario::Casa::Cozinha::Louça
uma colher	colher	uma colher	/u.ma co.lher/	/ˈko.ʎeɾ/	sf (pl: colheres)	&lt;i&gt;Mexi a sopa com a colher antes de a provar.&lt;/i&gt;	spoon						cuchara						<img src="_en_spoon.JPG">	cuillère					Löffel					cullera					cucchiaino											Português::Curso::A1 Português::Vocabulario::Alimentos::Louça Português::Vocabulario::Alimentos::No_Restaurante Português::Vocabulario::Casa::Cozinha::Louça
os guardanapos	guardanapo	os guardanapos	/os guar.da.na.pos/	/ɡwaʁ.dɐ.na.ˈpu/	sm	&lt;i&gt;Peguei um guardanapo para limpar as mãos depois de comer.&lt;/i&gt;	napkin						servilleta						<img src="_guardanapo_servilleta.JPG">	serviette					Serviette					nàpia					tovagliolo											Português::Curso::A1 Português::Vocabulario::Alimentos::Louça Português::Vocabulario::Alimentos::No_Restaurante Português::Vocabulario::Casa::Cozinha::Louça
um copo	copo	um copo	/um co.po/	/ˈko.pu/	sm	&lt;i&gt;O vinho foi servido num copo muito giro.&lt;/i&gt;	glass						vaso						<img src="_copo_vaso.JPG">	verre					Glas					got					coperta											Português::Curso::A1 Português::Vocabulario::Alimentos::Louça Português::Vocabulario::Alimentos::No_Restaurante Português::Vocabulario::Casa::Cozinha::Louça
a toalha de mesa	toalha	a toalha de mesa	/a to.a.lha de me.sa/	/to.ˈʎa/	sf	&lt;i&gt;Estendí a toalha para pôr a mesa.&lt;/i&gt;	tablecloth						mantel						<img src="_toalha_mantel.JPG">	nappe					Tischdecke					tovallola					tovaglia											Português::Curso::A1 Português::Vocabulario::Alimentos::Louça Português::Vocabulario::Alimentos::No_Restaurante Português::Vocabulario::Casa::Cozinha::Louça
o/a talher, os/a talheres	talher, talheres	o/a talher, os/a talheres	/u tɐ.ˈʎeɾ/   /uʃ tɐ.ˈʎe.ɾɨʃ/	/ta.ˈʎeɾ/, /ta.ˈʎe.ɾis/	sm/f	o/a talher, os/a talheres &lt;br&gt; &lt;i&gt;Encontré os talheres na gaveta da cozinha.&lt;/i&gt;	cutlery						cubertería						<img src="_talheres_cubiertos.JPG">	couverts					Besteck					cuberts					posate											Português::Curso::A1 Português::Vocabulario::Alimentos::Louça Português::Vocabulario::Alimentos::No_Restaurante Português::Vocabulario::Casa::Cozinha::Louça
uma chávena	chávena	uma chávena	/ˈu.mɐ ˈʃa.vɨ.nɐ/	/ˈʃa.ve.nɐ/	sf		cup						taza							tasse					Tasse					tassa					tazza											Português::Curso::A1 Português::Vocabulario::Alimentos::Louça Português::Vocabulario::Alimentos::No_Restaurante Português::Vocabulario::Casa::Cozinha::Louça
uma taça	taça	uma taça	/ˈu.mɐ ˈta.sɐ/	/ˈta.sa/	sf		glass						copa						<img src="_taça_copa.JPG">																											Português::Curso::A1 Português::Vocabulario::Alimentos::Louça Português::Vocabulario::Alimentos::No_Restaurante Português::Vocabulario::Casa::Cozinha::Louça Português::Vocabulario::Falso_Amigo
uma jarra	jarra	uma jarra	/ˈu.mɐ ˈʒa.ʁɐ/	/ˈʒa.ʁɐ/	sf		jug						jarra							carafe					Krug					jarra					bottiglia											Português::Curso::A1 Português::Vocabulario::Alimentos::Louça Português::Vocabulario::Alimentos::No_Restaurante Português::Vocabulario::Casa::Cozinha::Louça
as cadeiras	cadeiras	as cadeiras	/ɐʃ kɐ.ˈdɐj.ɾɐʃ/	/ka.ˈdej.ɾɐʃ/	sfp		chairs						sillas							chaises					Stühle					cadires					sedie											Português::Curso::A1 Português::Vocabulario::Alimentos::Louça Português::Vocabulario::Alimentos::No_Restaurante Português::Vocabulario::Casa::Cozinha::Louça
(pagar) com cartão		(pagar) com cartão	/pɐ.ˈgaɾ kõ kaɾ.ˈtɐ̃w/										pagar con tarjeta																																	Português::Curso::A1 Português::Vocabulario::Alimentos::No_Restaurante
(pagar) em numerário		(pagar) em numerário	/pɐ.ˈgaɾ ɐ̃j nu.mɨ.ˈɾa.ɾi.u/										pagar en efectivo																																	Português::Curso::A1 Português::Vocabulario::Alimentos::No_Restaurante