ativo, ativa	ativo, ativa	ativo, ativa		/ɐ'tivu/, /ɐ'tivɐ/	/a'tivu/, /a'tivɐ/	adjm , adjf		active	/'æktɪv/		adj			activo, activa	/ak'tiβo/, /ak'tiβa/		adjm, adjf				actif, active					aktiv					actiu, activa					attivo, attiva										Português::Curso::A1 Português::Vocabulario::Pessoas::Descripçao Português::Vocabulario::Tipo_Palavra::Adjetivos
arrogante	arrogante	arrogante		/ɐʁu'ɡɐt(ɨ)/	/aʁu'ɡɐt(ɨ)/	adj m/f		arrogant	/ˈærəɡənt/		adj			arrogante	/aro'ɣante/		adj m/f.				arrogant					arrogant					arrogant					arrogante										Português::Curso::A1 Português::Vocabulario::Pessoas::Descripçao Português::Vocabulario::Tipo_Palavra::Adjetivos
careca	careca	careca	<img src="Keith_Face.JPG">	/ka.ˈɾɛ.ka/	/ka.ˈɾɛ.ka/	adj m/f		bald			adj			calvo							chauve					kahl					calb					calvo										Português::Curso::A1 Português::Vocabulario::Pessoas::Descripçao::Cabelo Português::Vocabulario::Tipo_Palavra::Adjetivos
graúdo, graúda	graúdo, graúda	graúdo, graúda		/ɡɾɐ.'u.du/, /ɡɾɐ.'u.dɐ/	/ɡɾɐ.'u.du/, /ɡɾɐ.'u.dɐ/	adjm, adjf		being a grown-up			adj			crecido, crecida							grand, grande					groß					grande					grande										Português::Curso::A1 Português::Vocabulario::Pessoas::Descripçao::Idade Português::Vocabulario::Tipo_Palavra::Adjetivos
negro, negra	negro, negra	negro, negra		/ˈnɛɡɾu/, /ˈnɛɡɾɐ/	/ˈnɛɡɾu/, /ˈnɛɡɾɐ/	adjm, adjf		black	/blæk/		adj			negro, negra	/ˈneɡɾo/						noir, noire					schwarz					negre, negra					nero, nera										Português::Curso::A1 Português::Vocabulario::Pessoas::Descripçao::Pele Português::Vocabulario::Tipo_Palavra::Adjetivos
preto, preta	preto, preta	preto, preta		/ˈpɾetu/, /ˈpɾetɐ/	/ˈpɾetu/, /ˈpɾetɐ/	adjm, adjf	Es un poco ofensivo y es mejor usar negro, negra cuando se trata de personas. Sin embargo es una palabra común, sobre todo en canciones y en literatura.	black	/blæk/		adj			negro, negra	/ˈneɡɾo/						noir, noire					schwarz					negre, negra					nero, nera										Português::Curso::A1 Português::Vocabulario::Pessoas::Descripçao::Pele Português::Vocabulario::Tipo_Palavra::Adjetivos
loiro, loira	loiro, loira	loiro, loira	<img src="Krista_02.jpg">	/ˈlɔj.ɾu/, /ˈlɔj.ɾɐ/	/ˈlɔj.ɾu/, /ˈlɔj.ɾɐ/	adjm, adjf		blond, blonde			adj			rubio, rubia							blond, blonde					blond					ros, rossa					biondo, bionda										Português::Curso::A1 Português::Vocabulario::Pessoas::Descripçao::Cabelo Português::Vocabulario::Tipo_Palavra::Adjetivos
chata, chato	chata, chato	chata, chato		/ˈʃatɐ/, /ˈʃatu/	/ˈʃatɐ/, /ˈʃatu/	adjf , adjm		boring	/əˈnɔɪɪŋ/		adj			aburrido, aburrida	/moˈlesto/, /moˈlesta/						ennuyeux, ennuyeuse					langweilig					avorrit, avorrida					noioso, noiosa										Português::Curso::A1 Português::Vocabulario::Pessoas::Descripçao Português::Vocabulario::Tipo_Palavra::Adjetivos
moreno, morena (cabelo)	moreno, morena	moreno, morena	<img src="Mina_Face.JPG">	/mo'ɾenu/, /mo'ɾenɐ/	/mo'ɾenu/, /mo'ɾenɐ/	adjm , adjf		brunette						con pelo oscuro												brünett										castano, castana										Português::Curso::A1 Português::Vocabulario::Pessoas::Descripçao::Cabelo Português::Vocabulario::Tipo_Palavra::Adjetivos
alegre	alegre	alegre	<img src="Sasha_Character.JPG">	/ɐ'lɛɡɾi/	/ɐ'le.ɡɾi/	adj m/f		cheerful			adj			alegre	/a'leɣɾe/		adj m/f.				heureux					fröhlich					alegre					felice										Português::Curso::A1 Português::Vocabulario::Pessoas::Descripçao Português::Vocabulario::Tipo_Palavra::Adjetivos
comunicativo, comunicativa	comunicativo, comunicativa	comunicativo, comunicativa		/ko.mu.ni.kaˈti.vu/, /ko.mu.ni.kaˈti.vɐ/	/ko.mu.ni.kaˈti.vu/, /ko.mu.ni.kaˈti.vɐ/	adjm, adjf		communicative			adj			comunicativo, comunicativa							communicatif, communicative					kommunikativ					comunicatiu, comunicativa					comunicativo, comunicativa										Português::Curso::A1 Português::Vocabulario::Pessoas::Descripçao Português::Vocabulario::Tipo_Palavra::Adjetivos
convencido, convencida	convencido, convencida	convencido, convencida		/kõ.vẽ.ˈsi.du/, /kõ.vẽ.ˈsi.dɐ/	/kõ.vẽ.ˈsi.du/, /kõ.vẽ.ˈsi.dɐ/	adjm, adjf		condescending			adj			engreído, engreída							hautain, hautaine					überheblich					convençut, convençuda					convinto, convinta										Português::Curso::A1 Português::Vocabulario::Pessoas::Descripçao Português::Vocabulario::Tipo_Palavra::Adjetivos
legal	legal	legal		/lɨˈɡaɫ/	/lɨˈɡaw̃/	adj m/f		cool	/blæk/		adj			chido, chida (MEX)							sympa					cool					guai					carino, carina										Português::Curso::A1 Português::Vocabulario::Pessoas::Descripçao Português::Vocabulario::Tipo_Palavra::Adjetivos
covarde	covarde	covarde		/ko.ˈvaɾ.ðɨ/	/ko.ˈvaɾ.ði/	adj m/f		coward, cowardly			adj			cobarde							lâche					feige					covard					codardo										Português::Curso::A1 Português::Vocabulario::Pessoas::Descripçao Português::Vocabulario::Tipo_Palavra::Adjetivos
curioso, curiosa	curioso, curiosa	curioso, curiosa		/kuɾju'zo/, /kuɾju'zozɐ/	/kuɾju'zo/, /kuɾju'zozɐ/	adjm , adjf		curious	/'kjʊriəs/		adj			curioso, curiosa	/kuɾjo'so/, /kuɾjo'sa/		adjm, adjf				curieux, curieuse					neugierig					curiós, curiosa					curioso, curiosa										Português::Curso::A1 Português::Vocabulario::Pessoas::Descripçao Português::Vocabulario::Tipo_Palavra::Adjetivos
moreno, morena (pele)	moreno, morena	moreno, morena		/mo'ɾenu/, /mo'ɾenɐ/	/mo'ɾenu/, /mo'ɾenɐ/	adjm , adjf		dark-skinned	/ˈdɑːrk ˈhɛrd/		adj			moreno, morena	/mo'ɾeno/, /mo'ɾena/		adjm, adjf				brun, brune										moreno, morena															Português::Curso::A1 Português::Vocabulario::Pessoas::Descripçao::Pele Português::Vocabulario::Tipo_Palavra::Adjetivos
divorciado, divorciada	divorciado, divorciada	divorciado, divorciada		/di.vɔɾsi'adu/, /di.vɔɾsi'adɐ/		adjm , adjf		divorced	/dɪˈvɔrst/		adj			divorciado, divorciada							divorcé, divorcée					geschieden					divorciat, divorciada					divorziato, divorziata										Português::Curso::A1 Português::Vocabulario::Pessoas::Descripçao Português::Vocabulario::Pessoas::Estado_civil Português::Vocabulario::Tipo_Palavra::Adjetivos
excêntrico, excêntrica	excêntrico, excêntrica	excêntrico, excêntrica	<img src="Hange_CHaracter.JPG">	/ɨʃ.ˈsẽt.ɾi.ku/, /ɨʃ.ˈsẽt.ɾi.kɐ/	/is.ˈsẽt.ɾi.ku/, /is.ˈsẽt.ɾi.kɐ/	adjm, adjf		eccentric			adj			excéntrico, excéntrica	/di.voɾˈθjaðo/ , /di.voɾˈθjaða/		adjm, adjf				excentrique					exzentrisch					excèntric, excèntrica					eccentrico, eccentrica										Português::Curso::A1 Português::Vocabulario::Pessoas::Descripçao Português::Vocabulario::Tipo_Palavra::Adjetivos
elegante (boa aparência)	elegante	elegante		/ɨɫɨ'ɡɐt(ɨ)/	/ɨɫɨ'ɡɐt(ɨ)/	adj m/f	También es utilizada para decir que una persona está delgada, en lugar de magro, magra.	elegant	/ˈɛlɪɡənt/	elegant	adj			elegante							élégant					elegant					elegant					elegante										Português::Curso::A1 Português::Vocabulario::Pessoas::Descripçao Português::Vocabulario::Tipo_Palavra::Adjetivos
gordo, gorda	gordo, gorda	gordo, gorda		/'ɡɔɾdu/, /'ɡɔɾdɐ/	/'ɡoʁdu/, /'ɡoʁdɐ/	adjm , adjf		fat	/fæt/	fat	adj			gordo, gorda	/ele'ɣante/		adj m/f.				gros, grosse					dick					gros, grossa					grasso, grassa										Português::Curso::A1 Português::Vocabulario::Pessoas::Descripçao::Corpo Português::Vocabulario::Tipo_Palavra::Adjetivos
simpático, simpática	simpático, simpática	simpático, simpática		/sĩ'patiku/, /sĩ'patikɐ/	/sĩ'patiku/, /sĩ'patikɐ/	adjm , adjf		friendly	/naɪs/	nice	adj			simpático, simpática	/'goɾðo/, /'goɾða/		adjm, adjf				sympa					nett					simpàtic, simpàtica					simpatico, simpatica										Português::Curso::A1 Português::Vocabulario::Pessoas::Descripçao Português::Vocabulario::Tipo_Palavra::Adjetivos
divertido, divertida	divertido, divertida	divertido, divertida		/di.vɨɾ'tiðu/, /di.vɨɾ'tiðɐ/	/di.vɛʁ'tidu/, /di.vɛʁ'tidɐ/	adjm , adjf		fun	/fʌn/	funny	adj			divertido, divertida	/sim'patiko/, /sim'patika/		adjm, adjf				drôle					lustig					divertit, divertida					divertente										Português::Curso::A1 Português::Vocabulario::Pessoas::Descripçao Português::Vocabulario::Tipo_Palavra::Adjetivos
engraçado, engraçada	engraçado, engraçada	engraçado, engraçada	<img src="Sasha_Connie_Balancing_Potatos.jpg">	/ẽ.ɡɾɐˈsa.du/, /ẽ.ɡɾɐˈsa.dɐ/	/ẽ.ɡɾɐˈsa.du/, /ẽ.ɡɾɐˈsa.dɐ/	adjm , adjf		funny	/ˈfʌni/	funny	adj			gracioso, graciosa	/diβeɾˈtiðo/, /diβeɾˈtiða/		adjm, adjf				drôle					lustig					graciós, graciosa					divertente										Português::Curso::A1 Português::Vocabulario::Pessoas::Descripçao Português::Vocabulario::Tipo_Palavra::Adjetivos
feliz	feliz	feliz		/ˈfɛ.liz/		adj m/f		happy	/ˈhæp.i/	happy	adj			feliz	/ɡɾaˈθjoso/, /ɡɾaˈθjosa/						heureux					glücklich					feliç					felice										Português::Curso::A1 Português::Vocabulario::Pessoas::Descripçao Português::Vocabulario::Tipo_Palavra::Adjetivos
trabalhador, trabalhadora	trabalhador, trabalhadora	trabalhador, trabalhadora		/tɾɐbɐʎa'doɾ/, /tɾɐbɐʎa'doɾɐ/	/tɾɐbaʎa'doɾ/, /tɾɐbaʎa'doɾɐ/	adjm , adjf		hardworking	/ˈhɑːrdˌwɜːrkɪŋ/	hard-working	adj			trabajador, trabajadora	/feˈlis/		adj m/f.				travailleur, travailleuse					fleißig					treballador, treballadora					lavoratore, lavoratrice										Português::Curso::A1 Português::Vocabulario::Pessoas::Descripçao Português::Vocabulario::Tipo_Palavra::Adjetivos
independente	independente	independente		/ĩ.ˌde.pẽ.ˈdẽ.tɨ/	/ĩ.ˌde.pẽ.ˈdẽ.tʃi/	adj m/f		independent		independent	adj			independiente	/tɾaβaxaˈðoɾ/, /tɾaβaxaˈðoɾa/		adjm, adjf				indépendant					unabhängig					independent					indipendente										Português::Curso::A1 Português::Vocabulario::Pessoas::Descripçao Português::Vocabulario::Tipo_Palavra::Adjetivos
inteligente	inteligente	inteligente	<img src="Armin_Character.JPG">	/ĩ.tɨɫiˈʒẽ.tɨ/	/ĩ.tɨɫiˈʒẽ.tʃi/	adj m/f		intelligent	/ɪnˈtɛlɪdʒənt/	intelligent	adj			inteligente							intelligent					intelligent					intel·ligent					intelligente										Português::Curso::A1 Português::Vocabulario::Pessoas::Descripçao Português::Vocabulario::Tipo_Palavra::Adjetivos
introvertido, introvertida	introvertido, introvertida	introvertido, introvertida		/ĩ.tɾu.vɨɾ.ˈti.du/ ,  /ĩ.tɾu.vɨɾ.ˈti.dɐ/				introverted						introvertido							introverti					introvertiert					introvertit					introverso										Português::Curso::A1 Português::Curso::A1::Livro_O_Alienista Português::Vocabulario::Pessoas::Descripçao Português::Vocabulario::Tipo_Palavra::Adjetivos
preguiçoso, preguiçosa	preguiçoso, preguiçosa	preguiçoso, preguiçosa		/pɾɨ.ɡi'sozu/, /pɾɨ.ɡi'sozɐ/	/pɾɨ.ɡi'sozu/, /pɾɨ.ɡi'sozɐ/	adjm , adjf		lazy	/ˈleɪzi/	lazy	adj			perezoso, perezosa			adjm, adjf				paresseux, paresseuse					faul					peresós, peresosa					pigro, pigra										Português::Curso::A1 Português::Vocabulario::Pessoas::Descripçao Português::Vocabulario::Tipo_Palavra::Adjetivos
cabelo comprido	cabelo comprido	cabelo comprido	<img src="Eren_Hair.jpg">	/kɐ.ˈbe.ɫu kõ.ˈpɾi.du/		sm + adjm		long	/lɔŋ/	long (hair)	adj			pelo largo			sm + adjm				longs (cheveux)					lange (Haare)					llarg, llarga (cabell)					lunghi, lunga (capelli)										Português::Curso::A1 Português::Vocabulario::Pessoas::Descripçao::Cabelo Português::Vocabulario::Tipo_Palavra::Adjetivos
longa, longo	longa, longo	longa, longo		/'lõɡɐ/, /'lõɡu/	/'lõɡɐ/, /'lõɡu/	adjf , adjm		long	/lɔŋ/	long	adj			largo, larga	/'laɾɡo/, /'laɾɡa/		adjf, adjm				long					long					llarg, llarga					lungo, lunga										Português::Curso::A1 Português::Vocabulario::Tipo_Palavra::Adjetivos
mais nova, novo	mais nova, novo	mais nova, novo		/ˈno.vɐ/,  /ˈno.vu/		adjm , adjf		new	/nuː/	younger	adj			más joven	/kaˈsaða/  , /kaˈsaðo/		adjm, adjf				plus jeune					jünger					més jove					più giovane										Português::Curso::A1 Português::Vocabulario::Pessoas::Descripçao::Idade Português::Vocabulario::Tipo_Palavra::Adjetivos
barulhento, barulhenta	barulhento, barulhenta	barulhento, barulhenta		/bɐ.ɾu.ˈʎẽ.tu/, /bɐ.ɾu.ˈʎẽ.tɐ/	/ba.ɾu.ˈʎẽ.tu/, /ba.ɾu.ˈʎẽ.tɐ/	adjm, adjf		noisy		noisy	adj			ruidoso, ruidosa	/ˈnwe.βa/, /ˈnwe.βo/		adjf, adjm				bruillant					laut					sorollós, sorollosa					rumoroso, rumorosa										Português::Curso::A1 Português::Vocabulario::Pessoas::Descripçao Português::Vocabulario::Tipo_Palavra::Adjetivos
mais velho, velha	mais velho, velha	mais velho, velha		/'vɛʎu/, /'vɛʎɐ/	/'vɛʎu/, /'vɛʎɐ/	adjm , adjf		old	/oʊld/	older	adj			mayor							plus âgé					älter					més vell, més vella					più vecchio, più vecchia										Português::Curso::A1 Português::Vocabulario::Pessoas::Descripçao::Idade Português::Vocabulario::Tipo_Palavra::Adjetivos
profissional	profissional	profissional		/pɾu.fis.si.o.ˈnal/	/pɾu.fis.si.o.ˈnal/	adj m/f		professional		professional	adj			profesional	/'bje.xo/, /'bje.xa/		adjm, adjf				professionnel					professionell					professional					professionale										Português::Curso::A1 Português::Vocabulario::Pessoas::Descripçao Português::Vocabulario::Tipo_Palavra::Adjetivos
ruivo, ruiva	ruivo, ruiva	ruivo, ruiva		/'ʁujvu/, /'ʁujvɐ/	/'ʁuivu/, /'ʁuivɐ/	adjm , adjf		red-haired	/ˈrɛdˌhɛrd/	redhead	adj			pelirrojo, pelirroja							roux, rousse					rothaarig					pel-roig, pel-roja					rosso, rossa										Português::Curso::A1 Português::Vocabulario::Pessoas::Descripçao::Cabelo Português::Vocabulario::Tipo_Palavra::Adjetivos
aposentado, aposentada (PT)	aposentado, aposentada (PT)	aposentado, aposentada (PT)		/ɐpuzẽ'tadu/, /ɐpuzẽ'tadɐ/	/ɐpozẽ'tadu/, /ɐpozẽ'tadɐ/	adjm , adjf		retired	/rɪ'taɪɚd/	retired	adj			jubilado, jubilada	/peˈli'rroxo/, /peˈli'rroxa/		adjm, adjf				retraité, retraitée					rentner					jubilat, jubilada					pensionato, pensionata										Português::Curso::A1 Português::Vocabulario::Pessoas::Descripçao Português::Vocabulario::Tipo_Palavra::Adjetivos
sério, séria	sério, séria	sério, séria		/'sɛɾju/, /'sɛɾjɐ/	/'seʁiu/, /'seʁjɐ/	adjm , adjf		serious	/ˈsɪriəs/	serious	adj			serio, seria	/xuβi'laðo/, /xuβi'laða/		adjm, adjf				sérieux, sérieuse					ernst					seriós, seriosa					serio, seria										Português::Curso::A1 Português::Vocabulario::Pessoas::Descripçao Português::Vocabulario::Tipo_Palavra::Adjetivos
baixo, baixa	baixo, baixa	baixo, baixa	<img src="Levi_Erwin_Height.jpg">	/'bajʃu/, /'bajʃɐ/	/'bajʃu/, /'bajʃɐ/	adjm , adjf		short	/ʃɔːrt/	short	adj			bajo, baja	/'seɾjo/, /'seɾja/		adjm, adjf				petit, petite					klein					baix, baixa					basso, bassa										Português::Curso::A1 Português::Vocabulario::Pessoas::Descripçao::Corpo Português::Vocabulario::Tipo_Palavra::Adjetivos
cabelo curto	cabelo curto	cabelo curto		/kɐ.ˈbe.ɫu ˈkuɾ.tu/		s + adjm		short	/ʃɔːrt/	short (hair)	adj			corto, corta (pelo)	/'baxo/, /'baxa/		adjm, adjf				court (cheveux)					kurz (Haare)					curt, curta (cabell)					corti, corta (capelli)										Português::Curso::A1 Português::Vocabulario::Pessoas::Descripçao::Cabelo Português::Vocabulario::Tipo_Palavra::Adjetivos
tímido, tímida	tímido, tímida	tímido, tímida		/'timidu/, /'timidɐ/	/'timidu/, /'timidɐ/	adjm , adjf		shy	/'tɪmɪd/	shy	adj			tímido, tímida	/'koɾto/, /'koɾta/		adjm, adjf				timide					schüchtern					tímid, tímida					timido, timida										Português::Curso::A1 Português::Vocabulario::Pessoas::Descripçao Português::Vocabulario::Tipo_Palavra::Adjetivos
miúdo, miúda	miúdo, miúda	miúdo, miúda		/mi.ˈu.du/, /mi.ˈu.dɐ/	/mi.ˈu.du/, /mi.ˈu.dɐ/	adjm , adjf		small		kid	adj			niño, niña	/solˈteɾa/, /solˈteɾo/		adjm, adjf				gosse					kind					xiquet, xiqueta					bambino, bambina										Português::Curso::A1 Português::Vocabulario::Pessoas::Descripçao::Idade Português::Vocabulario::Tipo_Palavra::Adjetivos
esperto, esperta	esperto, esperta	esperto, esperta		/ɨʃ.ˈpɛɾ.tu/, /ɨʃ.ˈpɛɾ.tɐ/	/is.ˈpeʁ.tu/, /is.ˈpeʁ.tɐ/	adjm , adjf		smart		smart	adj			listo, lista							malin, maligne					schlau					llest, llesta					furbo, furba										Português::Curso::A1 Português::Vocabulario::Pessoas::Descripçao Português::Vocabulario::Tipo_Palavra::Adjetivos
cabelo liso	cabelo liso	cabelo liso		/kɐ.ˈbe.ɫu ˈɫi.zu/		sm + adjm		straight hair			adj			pelo lacio							lisses (cheveux)					glatt (Haare)					llis, llisa (cabell)					dritti, diritta (capelli)										Português::Curso::A1 Português::Vocabulario::Pessoas::Descripçao::Cabelo Português::Vocabulario::Tipo_Palavra::Adjetivos
sociável	sociável	sociável		/su.si'a.vɛl/	/so.si'a'vel/	adj m/f		sociable	/'soʊʃəbəl/	sociable	adj			sociable	/'liso/, /'lisa/		adjm, adjf				sociable					gesellig					sociable					socievole										Português::Curso::A1 Português::Vocabulario::Pessoas::Descripçao Português::Vocabulario::Tipo_Palavra::Adjetivos
teimoso, teimosa	teimoso, teimosa	teimoso, teimosa		/tei.'mo.zu/, /tei.'mo.zɐ/	/tei.'mo.zu/, /tei.'mo.zɐ/	adjm , adjf		stubborn		stubborn	adj			terco, terca	/so.sja'βle/		adj m/f.				têtu, têtue					stur					caparrut, caparruda					testardo, testarda										Português::Curso::A1 Português::Vocabulario::Pessoas::Descripçao Português::Vocabulario::Tipo_Palavra::Adjetivos
falador, faladora	falador, faladora	falador, faladora		/fɐ.lɐ'doɾ/, /fɐ.lɐ'doɾɐ/	/fɐ.la'doɾ/, /fɐ.la'doɾɐ/	adjm , adjf		talkative	/'tɔkətɪv/	talkative	adj			elegante	/aβla'ðoɾ/, /aβla'ðoɾa/		adjm, adjf				élégant					elegant					elegant					elegante										Português::Curso::A1 Português::Vocabulario::Pessoas::Descripçao Português::Vocabulario::Tipo_Palavra::Adjetivos
alto, alta	alto, alta	alto, alta		/'aɫtu/, /'aɫtɐ/	/'awtu/, /'awtɐ/	adjm , adjf		tall	/tɔːl/		adj			alto, alta	/ˈalta/,/ˈalto/		adjf				grand, grande					groß					alt, alta					alto, alta										Português::Curso::A1 Português::Vocabulario::Pessoas::Descripçao::Corpo Português::Vocabulario::Tipo_Palavra::Adjetivos
elegante (corpo)	elegante	elegante	<img src="Eren_Grown_Up.jpg">	/ɨɫɨ'ɡɐt(ɨ)/	/ɨɫɨ'ɡɐt(ɨ)/	adj m/f		thin	/ˈɛlɪɡənt/	elegant	adj			flaco, flaca							maigre					dünn					primat, primada					magro, magra										Português::Curso::A1 Português::Vocabulario::Pessoas::Descripçao::Corpo Português::Vocabulario::Tipo_Palavra::Adjetivos
magro, magra	magro, magra	magro, magra		/'maɡɾu/, /'maɡɾɐ/	/'maɡɾu/, /'maɡɾɐ/	adjm , adjf	La palabra magro, y el verbo emagrecer está muy ligado a estar enfermo, así que utilizarla para describir a una persona puede resultar ofensivo.&nbsp;Cuando se quiere hacer un cumplido usar <i>"elegante".<i></i></i>	skinny			adj			ordenado, ordenada	/delˈɣaðo/, /delˈɣaða/		adjm, adjf				ordonné, ordonnée					ordentlich					endreçat, endreçada					ordinato, ordinata										Português::Curso::A1 Português::Vocabulario::Pessoas::Descripçao::Corpo Português::Vocabulario::Tipo_Palavra::Adjetivos
arrumado, arrumada	arrumado, arrumada	arrumado, arrumada	<img src="levi_calcetines.JPG">	/ɐ.ʁuˈma.du/, /ɐ.ʁuˈma.dɐ/	/ɐ.ʁuˈma.du/, /ɐ.ʁuˈma.dɐ/	adjm , adjf		tidy	/ˈtaɪdi/	organized	adj			cansado, cansada	/areˈɣlaðo/, /areˈɣlaða/						fatigué, fatiguée					müde					cansat, cansada					stanco, stanca										Português::Curso::A1 Português::Vocabulario::Pessoas::Descripçao Português::Vocabulario::Tipo_Palavra::Adjetivos
cansada, cansado	cansada, cansado	cansada, cansado		/kɐ̃'sɐdɐ/, /kɐ̃'sɐdu/	/kɐ̃'sadɐ/, /kɐ̃'sadu/	adjm , adjf		tired	/ˈtaɪərd/	tired	adj			antipático, antipática	/kan'saðo/, /kan'saða/		adjm, adjf				antipathique					unsympathisch					antipàtic, antipàtica					antipatico, antipatica										Português::Curso::A1 Português::Vocabulario::Pessoas::Descripçao Português::Vocabulario::Tipo_Palavra::Adjetivos
antipático, antipática	antipático, antipática	antipático, antipática		/ɐ̃tʃipɐ'tiku/, /ɐ̃tʃipɐ'tikɐ/	/ɐ̃tʃipɐ'tiku/, /ɐ̃tʃipɐ'tikɐ/	adjm , adjf		unfriendly	/ʌnˈfrɛndli/	unpleasant	adj			desordenado, desordenada	/anti'patiko/, /anti'patika/		adjm, adjf				désordonné, désordonnée					unordentlich					desendreçat, desendreçada					disordinato, disordinata										Português::Curso::A1 Português::Vocabulario::Pessoas::Descripçao Português::Vocabulario::Tipo_Palavra::Adjetivos
dessarrumado, desarrumada	dessarrumado, desarrumada	dessarrumado, desarrumada		/dɨsɐʁu'madu/, /dɨsɐʁu'madɐ/	/desɐʁu'madu/, /desɐʁu'madɐ/	adjm , adjf		untidy	/ˈmɛsi/	untidy	adj			viudo, viuda	/desoɾðe'nado/, /desoɾðe'nada/		adjm, adjf				veuf, veuve					Witwer, Witwe					vidu, vídua					vedovo, vedova										Português::Curso::A1 Português::Vocabulario::Pessoas::Descripçao Português::Vocabulario::Tipo_Palavra::Adjetivos
acanhado, acanhada	acanhado, acanhada	acanhado, acanhada		/ɐ.kɐ.ˈɲa.du/ ,  /ɐ.kɐ.ˈɲa.dɐ/				shy						tímido							honteux					schüchtern					acanhat					timido										Português::Curso::A1::Livro_O_Alienista Português::Vocabulario::Pessoas::Descripçao Português::Vocabulario::Tipo_Palavra::Adjetivos
afável	afável	afável		/ɐ.ˈfa.vɛɫ/				affable						afable							affable					freundlich					afable					amichevole										Português::Curso::A1::Livro_O_Alienista Português::Vocabulario::Pessoas::Descripçao Português::Vocabulario::Tipo_Palavra::Adjetivos
afetado, afetada	afetado, afetada	afetado, afetada		/ɐ.fɨ.ˈta.du/ ,  /ɐ.fɨ.ˈta.dɐ/				affected						afectado							affecté					affektiert					afectat					affettato										Português::Curso::A1::Livro_O_Alienista Português::Vocabulario::Pessoas::Descripçao Português::Vocabulario::Tipo_Palavra::Adjetivos
afetuoso, afetuosa	afetuoso, afetuosa	afetuoso, afetuosa		/ɐ.fɨ.tu.ˈo.zu/ ,  /ɐ.fɨ.tu.ˈo.zɐ/				affectionate						afectuoso							affectueux					liebevoll					afectuós					affettuoso										Português::Curso::A1::Livro_O_Alienista Português::Vocabulario::Pessoas::Descripçao Português::Vocabulario::Tipo_Palavra::Adjetivos
agressivo, agressiva	agressivo, agressiva	agressivo, agressiva		/ɐ.gɾɨ.ˈsi.vu/ ,  /ɐ.gɾɨ.ˈsi.vɐ/				aggressive						agresivo							agressif					aggressiv					agressiu					aggressivo										Português::Curso::A1::Livro_O_Alienista Português::Vocabulario::Pessoas::Descripçao Português::Vocabulario::Tipo_Palavra::Adjetivos
aldrabão, aldrabona	aldrabão, aldrabona	aldrabão, aldrabona		/aɫ.dɾɐ.ˈbɐ̃w/ ,  /aɫ.dɾɐ.ˈbo.nɐ/				cheat						tramposo							escroc					Betrüger					trampos					imbroglione										Português::Curso::A1::Livro_O_Alienista Português::Vocabulario::Pessoas::Descripçao Português::Vocabulario::Tipo_Palavra::Adjetivos
altivo, altiva	altivo, altiva	altivo, altiva		/aɫ.ˈti.vu/ ,  /aɫ.ˈti.vɐ/				haughty						altivo							hautain					hochmütig					altívolo					altezzoso										Português::Curso::A1::Livro_O_Alienista Português::Vocabulario::Pessoas::Descripçao Português::Vocabulario::Tipo_Palavra::Adjetivos
altruista	altruista	altruista		/aɫ.ˈtɾujʃ.tɐ/				altruistic						altruista							altruiste					altruistisch					altruista					altruista										Português::Curso::A1::Livro_O_Alienista Português::Vocabulario::Pessoas::Descripçao Português::Vocabulario::Tipo_Palavra::Adjetivos
amável	amável	amável		/ɐ.ˈma.vɛɫ/				lovable						amable							aimable					liebenswert					amable					amabile										Português::Curso::A1::Livro_O_Alienista Português::Vocabulario::Pessoas::Descripçao Português::Vocabulario::Tipo_Palavra::Adjetivos
antiquado, antiquada	antiquado, antiquada	antiquado, antiquada		/ɐ̃.ti.ˈkwa.du/ ,  /ɐ̃.ti.ˈkwa.dɐ/				old-fashioned						anticuado							démodé					altmodisch					anticuat					antiquato										Português::Curso::A1::Livro_O_Alienista Português::Vocabulario::Pessoas::Descripçao Português::Vocabulario::Tipo_Palavra::Adjetivos
aprumado, aprumada	aprumado, aprumada	aprumado, aprumada		/ɐ.pɾu.ˈma.du/ ,  /ɐ.pɾu.ˈma.dɐ/				tidy						arreglado							soigné					ordentlich					endreçat					ordinato										Português::Curso::A1::Livro_O_Alienista Português::Vocabulario::Pessoas::Descripçao Português::Vocabulario::Tipo_Palavra::Adjetivos
áspero, áspera	áspero, áspera	áspero, áspera		/ˈaʃ.pɨ.ɾu/ ,  /ˈaʃ.pɨ.ɾɐ/				rough						áspero							âpre					rau					aspra					ruvido										Português::Curso::A1::Livro_O_Alienista Português::Vocabulario::Pessoas::Descripçao Português::Vocabulario::Tipo_Palavra::Adjetivos
astuto, astuta	astuto, astuta	astuto, astuta		/ɐʃ.ˈtu.tu/ ,  /ɐʃ.ˈtu.tɐ/				clever						astuto							astucieux					schlau					astut					astuto										Português::Curso::A1::Livro_O_Alienista Português::Vocabulario::Pessoas::Descripçao Português::Vocabulario::Tipo_Palavra::Adjetivos
atento, atenta	atento, atenta	atento, atenta		/ɐ.ˈtẽ.tu/ ,  /ɐ.ˈtẽ.tɐ/				attentive						atento							attentif					aufmerksam					atent					attento										Português::Curso::A1::Livro_O_Alienista Português::Vocabulario::Pessoas::Descripçao Português::Vocabulario::Tipo_Palavra::Adjetivos
atrasado, atrasada	atrasado, atrasada	atrasado, atrasada		/ɐ.tɾɐ.ˈza.du/ ,  /ɐ.tɾɐ.ˈza.dɐ/				late						atrasado							en retard					spät					vençut					in ritardo										Português::Curso::A1::Livro_O_Alienista Português::Vocabulario::Pessoas::Descripçao Português::Vocabulario::Tipo_Palavra::Adjetivos
audacioso, audaciosa	audacioso, audaciosa	audacioso, audaciosa		/aw.dɐ.si.ˈo.zu/ ,  /aw.dɐ.si.ˈo.zɐ/				audacious						audaz							audacieux					wagemutig					agasarat					audace										Português::Curso::A1::Livro_O_Alienista Português::Vocabulario::Pessoas::Descripçao Português::Vocabulario::Tipo_Palavra::Adjetivos
avançado, avançada	avançado, avançada	avançado, avançada		/ɐ.vɐ̃.ˈsa.du/ ,  /ɐ.vɐ̃.ˈsa.dɐ/				advanced						avanzado							avancé					fortschrittlich					avançat					avanzato										Português::Curso::A1::Livro_O_Alienista Português::Vocabulario::Pessoas::Descripçao Português::Vocabulario::Tipo_Palavra::Adjetivos
avarento, avarenta	avarento, avarenta	avarento, avarenta		/ɐ.vɐ.ˈɾẽ.tu/ ,  /ɐ.vɐ.ˈɾẽ.tɐ/				greedy						avaro							avare					geizig					avar					avaro										Português::Curso::A1::Livro_O_Alienista Português::Vocabulario::Pessoas::Descripçao Português::Vocabulario::Tipo_Palavra::Adjetivos
bem-disposto, bem-disposta	bem-disposto, bem-disposta	bem-disposto, bem-disposta		/bɐ̃j-dɨʃ.ˈpoʃ.tu/ ,  /bɐ̃j-dɨʃ.ˈpoʃ.tɐ/				good-spirited						alegre							de bonne humeur					fröhlich					bendispost					ben disposto										Português::Curso::A1::Livro_O_Alienista Português::Vocabulario::Pessoas::Descripçao Português::Vocabulario::Tipo_Palavra::Adjetivos
bem-humorado, bem-humorada	bem-humorado, bem-humorada	bem-humorado, bem-humorada		/bɐ̃j-u.mu.ˈɾa.du/ ,  /bɐ̃j-u.mu.ˈɾa.dɐ/				good-humored						bienhumorado							de bonne humeur					gut gelaunt					benhumorat					buon umore										Português::Curso::A1::Livro_O_Alienista Português::Vocabulario::Pessoas::Descripçao Português::Vocabulario::Tipo_Palavra::Adjetivos
bem-intencionado, bem-intencionada	bem-intencionado, bem-intencionada	bem-intencionado, bem-intencionada		/bɐ̃j-ĩ.tẽ.si.u.ˈna.du/ ,  /bɐ̃j-ĩ.tẽ.si.u.ˈna.dɐ/				well-meaning						bien intencionado							bien intentionné					gut gemeint					bona intenció					bene intenzionato										Português::Curso::A1::Livro_O_Alienista Português::Vocabulario::Pessoas::Descripçao Português::Vocabulario::Tipo_Palavra::Adjetivos
bom, boa	bom, boa	bom, boa		/bõ/ ,  /ˈbo.ɐ/				good						bueno							bon					gut					bo					buono										Português::Curso::A1::Livro_O_Alienista Português::Vocabulario::Pessoas::Descripçao Português::Vocabulario::Tipo_Palavra::Adjetivos
bonacheirão, bonacheirona	bonacheirão, bonacheirona	bonacheirão, bonacheirona		/bu.nɐ.ʃɐj.ˈɾɐ̃w/ ,  /bu.nɐ.ʃɐj.ˈɾo.nɐ/				jovial						bonachón							bon enfant					gutmütig					bon xic					bonaccione										Português::Curso::A1::Livro_O_Alienista Português::Vocabulario::Pessoas::Descripçao Português::Vocabulario::Tipo_Palavra::Adjetivos
bondoso, bondosa	bondoso, bondosa	bondoso, bondosa		/bõ.ˈdo.zu/ ,  /bõ.ˈdo.zɐ/				kind						bondadoso							bienveillant					gütig					bondadós					gentile										Português::Curso::A1::Livro_O_Alienista Português::Vocabulario::Pessoas::Descripçao Português::Vocabulario::Tipo_Palavra::Adjetivos
briguento, briguenta	briguento, briguenta	briguento, briguenta		/bɾi.ˈgẽ.tu/ ,  /bɾi.ˈgẽ.tɐ/				quarrelsome						pendenciero							bagarreur					streitsüchtig					pelaiquer					attaccabrighe										Português::Curso::A1::Livro_O_Alienista Português::Vocabulario::Pessoas::Descripçao Português::Vocabulario::Tipo_Palavra::Adjetivos
bruto, bruta	bruto, bruta	bruto, bruta		/ˈbɾu.tu/ ,  /ˈbɾu.tɐ/				rude						bruto							brutal					roh					brutal					grezzo										Português::Curso::A1::Livro_O_Alienista Português::Vocabulario::Pessoas::Descripçao Português::Vocabulario::Tipo_Palavra::Adjetivos
cabelo encaracolado	cabelo encaracolado	o cabelo encaracolado		/u kɐ.ˈbe.ɫu ẽ.kɐ.ɾɐ.ku.ˈɫa.du/				curly hair						cabello rizado							cheveux bouclés					lockiges Haar					cabell arrissat					capelli ricci										Português::Curso::A1 Português::Vocabulario::Pessoas::Descripçao::Cabelo Português::Vocabulario::Tipo_Palavra::Adjetivos
cabelo ondulado	cabelo ondulado	o cabelo ondulado		/u kɐ.ˈbe.ɫu õ.du.ˈɫa.du/				wavy hair						cabello ondulado							cheveux ondulés					gewelltes Haar					cabell ondulat					capelli mossi										Português::Curso::A1 Português::Vocabulario::Pessoas::Descripçao::Cabelo Português::Vocabulario::Tipo_Palavra::Adjetivos
calmo, calma	calmo, calma	calmo, calma		/ˈkaɫ.mu/ ,  /ˈkaɫ.mɐ/				calm						calm							tranquille					ruhig					calma					calmo										Português::Curso::A1::Livro_O_Alienista Português::Vocabulario::Pessoas::Descripçao Português::Vocabulario::Tipo_Palavra::Adjetivos
canalha	canalha	canalha		/kɐ.ˈna.ʎɐ/				scoundrel						canalla							coquin					Schurke					canalla					canaglia										Português::Curso::A1::Livro_O_Alienista Português::Vocabulario::Pessoas::Descripçao Português::Vocabulario::Tipo_Palavra::Adjetivos
cándido, cándida	cándido, cándida	cándido, cándida		/kɐ̃.ˈdi.du/ ,  /kɐ̃.ˈdi.dɐ/				naive						cándido							candide					naiv					càndid					candido										Português::Curso::A1::Livro_O_Alienista Português::Vocabulario::Pessoas::Descripçao Português::Vocabulario::Tipo_Palavra::Adjetivos
carinhoso, carinhosa	carinhoso, carinhosa	carinhoso, carinhosa		/kɐ.ɾi.ˈɲo.zu/ ,  /kɐ.ɾi.ˈɲo.zɐ/				affectionate						cariñoso							affectueux					liebevoll					carinós					affettuoso										Português::Curso::A1::Livro_O_Alienista Português::Vocabulario::Pessoas::Descripçao Português::Vocabulario::Tipo_Palavra::Adjetivos
cauto, cauta	cauto, cauta	cauto, cauta		/ˈkaw.tu/ ,  /ˈkaw.tɐ/				cautious						cauto							circonspect					vorsichtig					caut					cauto										Português::Curso::A1::Livro_O_Alienista Português::Vocabulario::Pessoas::Descripçao Português::Vocabulario::Tipo_Palavra::Adjetivos
chique	chique	chique		/ˈʃi.kɨ/				chic						elegante							chic					schick					xaque					elegante										Português::Curso::A1::Livro_O_Alienista Português::Vocabulario::Pessoas::Descripçao Português::Vocabulario::Tipo_Palavra::Adjetivos
cobarde	cobarde	cobarde		/ku.ˈbaɾ.dɨ/				cowardly						cobarde							lâche					feige					covat					codardo										Português::Curso::A1::Livro_O_Alienista Português::Vocabulario::Pessoas::Descripçao Português::Vocabulario::Tipo_Palavra::Adjetivos
confiante	confiante	confiante		/kõ.fi.ˈɐ̃.tɨ/				confident						seguro							confiant					selbstbewusst					confident					confidente										Português::Curso::A1::Livro_O_Alienista Português::Vocabulario::Pessoas::Descripçao Português::Vocabulario::Tipo_Palavra::Adjetivos
conservador, conservadora	conservador, conservadora	conservador, conservadora		/kõ.sɨɾ.vɐ.ˈdoɾ/ ,  /kõ.sɨɾ.vɐ.ˈdo.ɾɐ/				conservative						conservador							conservateur					konservativ					conservador					conservatore										Português::Curso::A1::Livro_O_Alienista Português::Vocabulario::Pessoas::Descripçao Português::Vocabulario::Tipo_Palavra::Adjetivos
corajoso, corajosa	corajoso, corajosa	corajoso, corajosa		/ku.ɾɐ.ˈʒo.zu/ ,  /ku.ɾɐ.ˈʒo.zɐ/				courageous						valiente							courageux					mutig					valent					coraggioso										Português::Curso::A1::Livro_O_Alienista Português::Vocabulario::Pessoas::Descripçao Português::Vocabulario::Tipo_Palavra::Adjetivos
cruel	cruel	cruel		/kɾu.ˈɛɫ/				cruel						cruel							cruel					grausam					cruel					crudele										Português::Curso::A1::Livro_O_Alienista Português::Vocabulario::Pessoas::Descripçao Português::Vocabulario::Tipo_Palavra::Adjetivos
cuidadoso, cuidadosa	cuidadoso, cuidadosa	cuidadoso, cuidadosa		/kuj.dɐ.ˈdo.zu/ ,  /kuj.dɐ.ˈdo.zɐ/				careful						cuidadoso							prudent					vorsichtig					cuidadós					attento										Português::Curso::A1::Livro_O_Alienista Português::Vocabulario::Pessoas::Descripçao Português::Vocabulario::Tipo_Palavra::Adjetivos
decidido, decidida	decidido, decidida	decidido, decidida		/dɨ.sɨ.ˈdi.du/ ,  /dɨ.sɨ.ˈdi.dɐ/				decisive						decidido							décidé					entschlossen					decidit					deciso										Português::Curso::A1::Livro_O_Alienista Português::Vocabulario::Pessoas::Descripçao Português::Vocabulario::Tipo_Palavra::Adjetivos
desabrido, desabrida	desabrido, desabrida	desabrido, desabrida		/dɨ.zɐ.ˈbɾi.du/ ,  /dɨ.zɐ.ˈbɾi.dɐ/				rude						rudo							sévère					unhöflich					rude					ruvido										Português::Curso::A1::Livro_O_Alienista Português::Vocabulario::Pessoas::Descripçao Português::Vocabulario::Tipo_Palavra::Adjetivos
desafetado, desafetada	desafetado, desafetada	desafetado, desafetada		/dɨ.zɐ.fɨ.ˈta.du/ ,  /dɨ.zɐ.fɨ.ˈta.dɐ/				unaffected						desafectado							désaffecté					unbeeindruckt					desafectat					indifferente										Português::Curso::A1::Livro_O_Alienista Português::Vocabulario::Pessoas::Descripçao Português::Vocabulario::Tipo_Palavra::Adjetivos
desajeitado, desajeitada	desajeitado, desajeitada	desajeitado, desajeitada		/dɨ.zɐ.ʒɐj.ˈta.du/ ,  /dɨ.zɐ.ʒɐj.ˈta.dɐ/				awkward						torpe							maladroit					ungeschickt					torpe					goffo										Português::Curso::A1::Livro_O_Alienista Português::Vocabulario::Pessoas::Descripçao Português::Vocabulario::Tipo_Palavra::Adjetivos
desatento, desatenta	desatento, desatenta	desatento, desatenta		/dɨ.zɐ.ˈtẽ.tu/ ,  /dɨ.zɐ.ˈtẽ.tɐ/				inattentive						desatento							inattentif					unaufmerksam					desatent					disattento										Português::Curso::A1::Livro_O_Alienista Português::Vocabulario::Pessoas::Descripçao Português::Vocabulario::Tipo_Palavra::Adjetivos
descuidado, descuidada	descuidado, descuidada	descuidado, descuidada		/dɨʃ.kuj.ˈda.du/ ,  /dɨʃ.kuj.ˈda.dɐ/				careless						descuidado							négligent					unvorsichtig					descuidat					sciatto										Português::Curso::A1::Livro_O_Alienista Português::Vocabulario::Pessoas::Descripçao Português::Vocabulario::Tipo_Palavra::Adjetivos
deselegante, deselegante	deselegante, deselegante	deselegante, deselegante		/dɨ.zɨ.ɫɨ.ˈgɐ̃.tɨ/ ,  /dɨ.zɨ.ɫɨ.ˈgɐ̃.tɨ/				inelegant						deselegante							désélegant					unelegant					desnelegant					inelegante										Português::Curso::A1::Livro_O_Alienista Português::Vocabulario::Pessoas::Descripçao Português::Vocabulario::Tipo_Palavra::Adjetivos
desinteressado, desinteressada	desinteressado, desinteressada	desinteressado, desinteressada		/dɨ.zĩ.tɨ.ɾɨ.ˈsa.du/ ,  /dɨ.zĩ.tɨ.ɾɨ.ˈsa.dɐ/				selfless						desinteresado							désintéressé					uneigennützig					desinteressat					disinteressato										Português::Curso::A1::Livro_O_Alienista Português::Vocabulario::Pessoas::Descripçao Português::Vocabulario::Tipo_Palavra::Adjetivos
desleal	desleal	desleal		/dɨ.ʒɫi.ˈaɫ/				disloyal						desleal							déloyal					unloyal					deslleial					disleale										Português::Curso::A1::Livro_O_Alienista Português::Vocabulario::Pessoas::Descripçao Português::Vocabulario::Tipo_Palavra::Adjetivos
desleixado, desleixada	desleixado, desleixada	desleixado, desleixada		/dɨ.ʒɫɐj.ˈʃa.du/ ,  /dɨ.ʒɫɐj.ˈʃa.dɐ/				sloppy						despreocupado							négligé					schlampig					desatés					sciatto										Português::Curso::A1::Livro_O_Alienista Português::Vocabulario::Pessoas::Descripçao Português::Vocabulario::Tipo_Palavra::Adjetivos
desobediente	desobediente	desobediente		/dɨ.zu.bɨ.di.ˈẽ.tɨ/				disobedient						desobediente							désobéissant					ungehorsam					desobedient					disobbediente										Português::Curso::A1::Livro_O_Alienista Português::Vocabulario::Pessoas::Descripçao Português::Vocabulario::Tipo_Palavra::Adjetivos
desonesto, desonesta	desonesto, desonesta	desonesto, desonesta		/dɨ.zu.ˈneʃ.tu/ ,  /dɨ.zu.ˈneʃ.tɐ/				dishonest						deshonesto							déshonnête					unaufrichtig					dishonest					disonesto										Português::Curso::A1::Livro_O_Alienista Português::Vocabulario::Pessoas::Descripçao Português::Vocabulario::Tipo_Palavra::Adjetivos
despistado, despistada	despistado, despistada	despistado, despistada		/dɨʃ.pɨʃ.ˈta.du/ ,  /dɨʃ.pɨʃ.ˈta.dɐ/				clueless						despistado							étourdi					ahnungslos					distret					distratto										Português::Curso::A1::Livro_O_Alienista Português::Vocabulario::Pessoas::Descripçao Português::Vocabulario::Tipo_Palavra::Adjetivos
desprecavido, desprecavida	desprecavido, desprecavida	desprecavido, desprecavida		/dɨʃ.pɾɨ.kɐ.ˈvi.du/ ,  /dɨʃ.pɾɨ.kɐ.ˈvi.dɐ/				unwary						desprevenido							insouciant					sorglos					desprevingut					spensierato										Português::Curso::A1::Livro_O_Alienista Português::Vocabulario::Pessoas::Descripçao Português::Vocabulario::Tipo_Palavra::Adjetivos
destemido, destemida	destemido, destemida	destemido, destemida		/dɨʃ.tɨ.ˈmi.du/ ,  /dɨʃ.tɨ.ˈmi.dɐ/				fearless						impávido							intrepide					furchtlos					sense por					intrepido										Português::Curso::A1::Livro_O_Alienista Português::Vocabulario::Pessoas::Descripçao Português::Vocabulario::Tipo_Palavra::Adjetivos
desumano, desumana	desumano, desumana	desumano, desumana		/dɨ.zu.ˈmɐ.nu/ ,  /dɨ.zu.ˈmɐ.nɐ/				inhumane						inhumano							inhumain					inhuman					inhumà disumano															Português::Curso::A1::Livro_O_Alienista Português::Vocabulario::Pessoas::Descripçao Português::Vocabulario::Tipo_Palavra::Adjetivos
determinado, determinada	determinado, determinada	determinado, determinada		/dɨ.tɨɾ.mi.ˈna.du/ ,  /dɨ.tɨɾ.mi.ˈna.dɐ/				determined						determinado							déterminé					bestimmt					determinat					determinato										Português::Curso::A1::Livro_O_Alienista Português::Vocabulario::Pessoas::Descripçao Português::Vocabulario::Tipo_Palavra::Adjetivos
diligente	diligente	diligente		/dɨ.ɫɨ.ˈʒẽ.tɨ/				diligent						diligente							diligent					fleißig					diligent					diligente										Português::Curso::A1::Livro_O_Alienista Português::Vocabulario::Pessoas::Descripçao Português::Vocabulario::Tipo_Palavra::Adjetivos
dinâmico, dinâmica	dinâmico, dinâmica	dinâmico, dinâmica		/di.ˈnɐ.mi.ku/ ,  /di.ˈnɐ.mi.kɐ/				dynamic						dinámico							dynamique					dynamisch					dinàmic					dinamico										Português::Curso::A1::Livro_O_Alienista Português::Vocabulario::Pessoas::Descripçao Português::Vocabulario::Tipo_Palavra::Adjetivos
distraído, distraída	distraído, distraída	distraído, distraída		/dɨʃ.tɾɐ.ˈi.du/ ,  /dɨʃ.tɾɐ.ˈi.dɐ/				distracted						distraído							distrait					abgelenkt					distraigut					distrauto										Português::Curso::A1::Livro_O_Alienista Português::Vocabulario::Pessoas::Descripçao Português::Vocabulario::Tipo_Palavra::Adjetivos
dócil	dócil	dócil		/ˈdɔ.siɫ/				docile						dócil							docile					gehorsam					dòcil					docile										Português::Curso::A1::Livro_O_Alienista Português::Vocabulario::Pessoas::Descripçao Português::Vocabulario::Tipo_Palavra::Adjetivos
educado, educada	educado, educada	educado, educada		/i.du.ˈka.du/ ,  /i.du.ˈka.dɐ/				polite						educado							poli					höflich					educat					educato										Português::Curso::A1::Livro_O_Alienista Português::Vocabulario::Pessoas::Descripçao Português::Vocabulario::Tipo_Palavra::Adjetivos
egocêntrico, egocêntrica	egocêntrico, egocêntrica	egocêntrico, egocêntrica		/i.gu.ˈsẽ.tɾi.ku/ ,  /i.gu.ˈsẽ.tɾi.kɐ/				egocentric						egocéntrico							égocentrique					egozentrisch					egocèntric					egocentrico										Português::Curso::A1::Livro_O_Alienista Português::Vocabulario::Pessoas::Descripçao Português::Vocabulario::Tipo_Palavra::Adjetivos
egoísta, egoísta	egoísta, egoísta	egoísta, egoísta		/i.gu.ˈiʃ.tɐ/ ,  /i.gu.ˈiʃ.tɐ/				selfish						egoísta							égoïste					egoistisch					egoista					egoista										Português::Curso::A1::Livro_O_Alienista Português::Vocabulario::Pessoas::Descripçao Português::Vocabulario::Tipo_Palavra::Adjetivos
espontâneo, espontânea	espontâneo, espontânea	espontâneo, espontânea		/ʃ.põ.ˈtɐ.ni.u/ ,  /ʃ.põ.ˈtɐ.ni.ɐ/				spontaneous						espontáneo							spontané					spontan					espontani					spontaneo										Português::Curso::A1::Livro_O_Alienista Português::Vocabulario::Pessoas::Descripçao Português::Vocabulario::Tipo_Palavra::Adjetivos
esquecido, esquecida	esquecido, esquecida	esquecido, esquecida		/ʃ.kɨ.ˈsi.du/ ,  /ʃ.kɨ.ˈsi.dɐ/				forgetful						olvidadizo							oublieux					vergesslich					oblitidís					dimenticato										Português::Curso::A1::Livro_O_Alienista Português::Vocabulario::Pessoas::Descripçao Português::Vocabulario::Tipo_Palavra::Adjetivos
estúpido, estúpida	estúpido, estúpida	estúpido, estúpida		/ʃ.ˈtu.pi.du/ ,  /ʃ.ˈtu.pi.dɐ/				stupid						estúpido							stupide					dumm					estúpid					stupido										Português::Curso::A1::Livro_O_Alienista Português::Vocabulario::Pessoas::Descripçao Português::Vocabulario::Tipo_Palavra::Adjetivos
experiente	experiente	experiente		/ʃ.pɨ.ɾi.ˈẽ.tɨ/				experienced						experimentado							expérimenté					erfahren					experimentat					espert										Português::Curso::A1::Livro_O_Alienista Português::Vocabulario::Pessoas::Descripçao Português::Vocabulario::Tipo_Palavra::Adjetivos
extrovertido, extrovertida	extrovertido, extrovertida	extrovertido, extrovertida		/ʃ.tɾu.vɨɾ.ˈti.du/ ,  /ʃ.tɾu.vɨɾ.ˈti.dɐ/				extroverted						extrovertido							extraverti					extrovertiert					extrovertit					estroverso										Português::Curso::A1::Livro_O_Alienista Português::Vocabulario::Pessoas::Descripçao Português::Vocabulario::Tipo_Palavra::Adjetivos
falso, falsa	falso, falsa	falso, falsa		/ˈfaɫ.su/ ,  /ˈfaɫ.sɐ/				FALSE						falso							faux					falsch					fals					falso										Português::Curso::A1::Livro_O_Alienista Português::Vocabulario::Pessoas::Descripçao Português::Vocabulario::Tipo_Palavra::Adjetivos
filantropo, filantropa	filantropo, filantropa	filantropo, filantropa		/fi.ɫɐ̃.ˈtɾo.pu/ ,  /fi.ɫɐ̃.ˈtɾo.pɐ/				philanthropist						filántropo							philanthrope					Philanthrop					filantrop					filantropo										Português::Curso::A1::Livro_O_Alienista Português::Vocabulario::Pessoas::Descripçao Português::Vocabulario::Tipo_Palavra::Adjetivos
firme	firme	firme		/ˈfiɾ.mɨ/				firm						firme							ferme					fest					firm					fermo										Português::Curso::A1::Livro_O_Alienista Português::Vocabulario::Pessoas::Descripçao Português::Vocabulario::Tipo_Palavra::Adjetivos
flexível	flexível	flexível		/fɫɨ.ˈʃi.vɛɫ/				flexible						flexible							souple					flexibel					flexible					flessibile										Português::Curso::A1::Livro_O_Alienista Português::Vocabulario::Pessoas::Descripçao Português::Vocabulario::Tipo_Palavra::Adjetivos
foleiro, foleira	foleiro, foleira	foleiro, foleira		/fu.ˈɫɐj.ɾu/ ,  /fu.ˈɫɐj.ɾɐ/				cheap						cutre							ringard					billig					barat					trasandato										Português::Curso::A1::Livro_O_Alienista Português::Vocabulario::Pessoas::Descripçao Português::Vocabulario::Tipo_Palavra::Adjetivos
forrenta	forrenta	forrenta		/fu.ˈʁẽ.tɐ/				greedy						avaro							avare					geizig					avar					avaro										Português::Curso::A1::Livro_O_Alienista Português::Vocabulario::Pessoas::Descripçao Português::Vocabulario::Tipo_Palavra::Adjetivos
franco, franca	franco, franca	franco, franca		/ˈfɾɐ̃.ku/ ,  /ˈfɾɐ̃.kɐ/				frank						franco							franc					direkt					franc					franco										Português::Curso::A1::Livro_O_Alienista Português::Vocabulario::Pessoas::Descripçao Português::Vocabulario::Tipo_Palavra::Adjetivos
generoso, generosa	generoso, generosa	generoso, generosa		/ʒɨ.nɨ.ˈɾo.zu/ ,  /ʒɨ.nɨ.ˈɾo.zɐ/				generous						generoso							généreux					großzügig					generós					generoso										Português::Curso::A1::Livro_O_Alienista Português::Vocabulario::Pessoas::Descripçao Português::Vocabulario::Tipo_Palavra::Adjetivos
gentil	gentil	gentil		/ʒẽ.ˈtiɫ/				gentle						amable							gentil					nett					gentil					gentile										Português::Curso::A1::Livro_O_Alienista Português::Vocabulario::Pessoas::Descripçao Português::Vocabulario::Tipo_Palavra::Adjetivos
grosseiro, grosseira	grosseiro, grosseira	grosseiro, grosseira		/gɾu.ˈsɐj.ɾu/ ,  /gɾu.ˈsɐj.ɾɐ/				coarse						grosero							grossier					grob					groller					grossolano										Português::Curso::A1::Livro_O_Alienista Português::Vocabulario::Pessoas::Descripçao Português::Vocabulario::Tipo_Palavra::Adjetivos
hábil	hábil	hábil		/ˈa.biɫ/				skillful						hábil							habile					geschickt					hàbil					abile										Português::Curso::A1::Livro_O_Alienista Português::Vocabulario::Pessoas::Descripçao Português::Vocabulario::Tipo_Palavra::Adjetivos
habilidosa, habilidosa	habilidosa, habilidosa	habilidosa, habilidosa		/ɐ.bɨ.ɫi.ˈdo.zɐ/ ,  /ɐ.bɨ.ɫi.ˈdo.zɐ/				skillful						hábil							habile					geschickt					hàbil					abile										Português::Curso::A1::Livro_O_Alienista Português::Vocabulario::Pessoas::Descripçao Português::Vocabulario::Tipo_Palavra::Adjetivos
hipócrita	hipócrita	hipócrita		/i.ˈpɔ.kɾi.tɐ/				hypocrite						hipócrita							hypocrite					Heuchler					hipòcrita					ipocrita										Português::Curso::A1::Livro_O_Alienista Português::Vocabulario::Pessoas::Descripçao Português::Vocabulario::Tipo_Palavra::Adjetivos
honesto, honesta	honesto, honesta	honesto, honesta		/o.ˈneʃ.tu/ ,  /o.ˈneʃ.tɐ/				honest						honesto							honnête					ehrlich					honest					honesto										Português::Curso::A1::Livro_O_Alienista Português::Vocabulario::Pessoas::Descripçao Português::Vocabulario::Tipo_Palavra::Adjetivos
humano, humana	humano, humana	humano, humana		/u.ˈmɐ.nu/ ,  /u.ˈmɐ.nɐ/				human						humano							humain					menschlich					humà					umano										Português::Curso::A1::Livro_O_Alienista Português::Vocabulario::Pessoas::Descripçao Português::Vocabulario::Tipo_Palavra::Adjetivos
humilde	humilde	humilde		/u.ˈmiɫ.dɨ/				humble						humilde							humble					demütig					humil					umile										Português::Curso::A1::Livro_O_Alienista Português::Vocabulario::Pessoas::Descripçao Português::Vocabulario::Tipo_Palavra::Adjetivos
imodesto, imodesta	imodesto, imodesta	imodesto, imodesta		/i.mu.ˈdeʃ.tu/ ,  /i.mu.ˈdeʃ.tɐ/				immodest						indecoroso							immodeste					unbescheiden					immodest					immodesto										Português::Curso::A1::Livro_O_Alienista Português::Vocabulario::Pessoas::Descripçao Português::Vocabulario::Tipo_Palavra::Adjetivos
impaciente	impaciente	impaciente		/ĩ.pɐ.si.ˈẽ.tɨ/				impatient						impaciente							impatient					unerträglich					impacient					impaziente										Português::Curso::A1::Livro_O_Alienista Português::Vocabulario::Pessoas::Descripçao Português::Vocabulario::Tipo_Palavra::Adjetivos
imprudente	imprudente	imprudente		/ĩ.pɾu.ˈdẽ.tɨ/				imprudent						imprudente							imprudent					unvorsichtig					imprudent					incauto										Português::Curso::A1::Livro_O_Alienista Português::Vocabulario::Pessoas::Descripçao Português::Vocabulario::Tipo_Palavra::Adjetivos
incauto, incauta	incauto, incauta	incauto, incauta		/ĩ.ˈkaw.tu/ ,  /ĩ.ˈkaw.tɐ/				unwary						incauto							étourdi					unvorsichtig					incaut					incauto										Português::Curso::A1::Livro_O_Alienista Português::Vocabulario::Pessoas::Descripçao Português::Vocabulario::Tipo_Palavra::Adjetivos
indeciso, indecisa	indeciso, indecisa	indeciso, indecisa		/ĩ.dɨ.ˈsi.zu/ ,  /ĩ.dɨ.ˈsi.zɐ/				indecisive						indeciso							indécis					unentschlossen					indecís					indeciso										Português::Curso::A1::Livro_O_Alienista Português::Vocabulario::Pessoas::Descripçao Português::Vocabulario::Tipo_Palavra::Adjetivos
indócil	indócil	indócil		/ĩ.ˈdɔ.siɫ/				unruly						indócil							indocile					widerspenstig					indòcil					indocile										Português::Curso::A1::Livro_O_Alienista Português::Vocabulario::Pessoas::Descripçao Português::Vocabulario::Tipo_Palavra::Adjetivos
indolente	indolente	indolente		/ĩ.du.ˈɫẽ.tɨ/				indolent						indolente							indolent					träge					indolent					indolente										Português::Curso::A1::Livro_O_Alienista Português::Vocabulario::Pessoas::Descripçao Português::Vocabulario::Tipo_Palavra::Adjetivos
inexperiente, inexperiente	inexperiente, inexperiente	inexperiente, inexperiente		/i.nɨʃ.pɨ.ɾi.ˈẽ.tɨ/ ,  /i.nɨʃ.pɨ.ɾi.ˈẽ.tɨ/				inexperienced						inexperto							inexpérimenté					unerfahren					inexpert					inesperto										Português::Curso::A1::Livro_O_Alienista Português::Vocabulario::Pessoas::Descripçao Português::Vocabulario::Tipo_Palavra::Adjetivos
inflexível	inflexível	inflexível		/ĩ.fɫɨ.ˈʃi.vɛɫ/				inflexible						inflexible							inflexible					unflexibel					inflexible					inflessibile										Português::Curso::A1::Livro_O_Alienista Português::Vocabulario::Pessoas::Descripçao Português::Vocabulario::Tipo_Palavra::Adjetivos
ingénuo, ingénua	ingénuo, ingénua	ingénuo, ingénua		/ĩ.ˈgɛ.nu.u/ ,  /ĩ.ˈgɛ.nu.ɐ/				naive						ingenuo							naïf					naiv					ingenu					ingenuo										Português::Curso::A1::Livro_O_Alienista Português::Vocabulario::Pessoas::Descripçao Português::Vocabulario::Tipo_Palavra::Adjetivos
inocente	inocente	inocente		/i.nu.ˈsẽ.tɨ/				innocent						inocente							innocent					unschuldig					innocent					innocente										Português::Curso::A1::Livro_O_Alienista Português::Vocabulario::Pessoas::Descripçao Português::Vocabulario::Tipo_Palavra::Adjetivos
inquieto , inquieta	inquieto , inquieta	inquieto , inquieta		/ĩ.ki.ˈe.tu / ,  /ĩ.ki.ˈe.tɐ/				restless						inquieto							agité					unruhig					inquiet					inquieto										Português::Curso::A1::Livro_O_Alienista Português::Vocabulario::Pessoas::Descripçao Português::Vocabulario::Tipo_Palavra::Adjetivos
inseguro, insegura	inseguro, insegura	inseguro, insegura		/ĩ.sɨ.ˈgu.ɾu/ ,  /ĩ.sɨ.ˈgu.ɾɐ/				insecure						inseguro							insécurisé					unsicher					insegur					insicuro										Português::Curso::A1::Livro_O_Alienista Português::Vocabulario::Pessoas::Descripçao Português::Vocabulario::Tipo_Palavra::Adjetivos
insensível	insensível	insensível		/ĩ.sẽ.ˈsi.vɛɫ/				insensitive						insensible							insensible					gefühllos					insensible					insensibile										Português::Curso::A1::Livro_O_Alienista Português::Vocabulario::Pessoas::Descripçao Português::Vocabulario::Tipo_Palavra::Adjetivos
insociável, insociável	insociável, insociável	insociável, insociável		/ĩ.su.si.ˈa.vɛɫ/ ,  /ĩ.su.si.ˈa.vɛɫ/				unsociable						insociable							insociable					unsozial					insociable					insocievole										Português::Curso::A1::Livro_O_Alienista Português::Vocabulario::Pessoas::Descripçao Português::Vocabulario::Tipo_Palavra::Adjetivos
interesseiro, interesseira	interesseiro, interesseira	interesseiro, interesseira		/ĩ.tɨ.ɾɨ.ˈsɐj.ɾu/ ,  /ĩ.tɨ.ɾɨ.ˈsɐj.ɾɐ/				self-interested						interesado							intéressé					interessiert					interessat					interessato										Português::Curso::A1::Livro_O_Alienista Português::Vocabulario::Pessoas::Descripçao Português::Vocabulario::Tipo_Palavra::Adjetivos
intolerante	intolerante	intolerante		/ĩ.tu.ɫɨ.ˈɾɐ̃.tɨ/				intolerant						intolerante							intolérant					intolerant					intolerant					intollerante										Português::Curso::A1::Livro_O_Alienista Português::Vocabulario::Pessoas::Descripçao Português::Vocabulario::Tipo_Palavra::Adjetivos
intransigente	intransigente	intransigente		/ĩ.tɾɐ̃.zɨ.ˈʒẽ.tɨ/				intransigent						intransigente							intransigeant					unversöhnlich					intransigent					intransigente										Português::Curso::A1::Livro_O_Alienista Português::Vocabulario::Pessoas::Descripçao Português::Vocabulario::Tipo_Palavra::Adjetivos
irrequieto, irrequieta	irrequieto, irrequieta	irrequieto, irrequieta		/i.ʁɨ.ki.ˈe.tu/ ,  /i.ʁɨ.ki.ˈe.tɐ/				restless						inquieto							agité					unruhig					inquiet					inquieto										Português::Curso::A1::Livro_O_Alienista Português::Vocabulario::Pessoas::Descripçao Português::Vocabulario::Tipo_Palavra::Adjetivos
janota	janota	janota		/ʒɐ.ˈno.tɐ/				snappy						elegante							snob					elegant					galant					elegante										Português::Curso::A1::Livro_O_Alienista Português::Vocabulario::Pessoas::Descripçao Português::Vocabulario::Tipo_Palavra::Adjetivos
jeitoso, jeitosa	jeitoso, jeitosa	jeitoso, jeitosa		/ʒɐj.ˈto.zu/ ,  /ʒɐj.ˈto.zɐ/				skillful						hábil							habile					geschickt					habiletós					abile										Português::Curso::A1::Livro_O_Alienista Português::Vocabulario::Pessoas::Descripçao Português::Vocabulario::Tipo_Palavra::Adjetivos
mal-disposto, mal-disposta	mal-disposto, mal-disposta	mal-disposto, mal-disposta		/ˈmaɫ-dɨʃ.ˈpoʃ.tu/ ,  /ˈmaɫ-dɨʃ.ˈpoʃ.tɐ/				ill-tempered						mal dispuesto							de mauvaise humeur					übel gelaunt					de mal humor					mal disposto										Português::Curso::A1::Livro_O_Alienista Português::Vocabulario::Pessoas::Descripçao Português::Vocabulario::Tipo_Palavra::Adjetivos
mal-humorado, mal-humorada	mal-humorado, mal-humorada	mal-humorado, mal-humorada		/ˈmaɫ-u.mu.ˈɾa.du/ ,  /ˈmaɫ-u.mu.ˈɾa.dɐ/				bad-tempered						malhumorado							de mauvaise humeur					übel gelaunt					de mal humor					malumorato										Português::Curso::A1::Livro_O_Alienista Português::Vocabulario::Pessoas::Descripçao Português::Vocabulario::Tipo_Palavra::Adjetivos
mal-intencionado, mal-intencionada	mal-intencionado, mal-intencionada	mal-intencionado, mal-intencionada		/ˈmaɫ-ĩ.tẽ.si.u.ˈna.du/ ,  /ˈmaɫ-ĩ.tẽ.si.u.ˈna.dɐ/				ill-intentioned						malintencionado							malveillant					böswillig					malintencionat					male intenzionato										Português::Curso::A1::Livro_O_Alienista Português::Vocabulario::Pessoas::Descripçao Português::Vocabulario::Tipo_Palavra::Adjetivos
malandro, malandra	malandro, malandra	malandro, malandra		/mɐ.ˈɫɐ̃.dɾu/ ,  /mɐ.ˈɫɐ̃.dɾɐ/				rascal						pícaro							coquin					schlau					picardiós					malandrino										Português::Curso::A1::Livro_O_Alienista Português::Vocabulario::Pessoas::Descripçao Português::Vocabulario::Tipo_Palavra::Adjetivos
malicioso, maliciosa	malicioso, maliciosa	malicioso, maliciosa		/mɐ.ɫɨ.si.ˈo.zu/ ,  /mɐ.ɫɨ.si.ˈo.zɐ/				malicious						malicioso							malicieux					bösartig					maliciós					maligno										Português::Curso::A1::Livro_O_Alienista Português::Vocabulario::Pessoas::Descripçao Português::Vocabulario::Tipo_Palavra::Adjetivos
mandrião, mandriona	mandrião, mandriona	mandrião, mandriona		/mɐ̃.dɾi.ˈɐ̃w/ ,  /mɐ̃.dɾi.ˈo.nɐ/				sluggish						perezoso							paresseux					träge					mandrós					pigro										Português::Curso::A1::Livro_O_Alienista Português::Vocabulario::Pessoas::Descripçao Português::Vocabulario::Tipo_Palavra::Adjetivos
mau, má	mau, má	mau, má		/ˈmaw/ ,  /ˈma/				bad						malo							mauvais					schlecht					dolent					cattivo										Português::Curso::A1::Livro_O_Alienista Português::Vocabulario::Pessoas::Descripçao Português::Vocabulario::Tipo_Palavra::Adjetivos
medroso, medrosa	medroso, medrosa	medroso, medrosa		/mɨ.ˈdɾo.zu/ ,  /mɨ.ˈdɾo.zɐ/				fearful						miedoso							peureux					ängstlich					poruc					timoroso										Português::Curso::A1::Livro_O_Alienista Português::Vocabulario::Pessoas::Descripçao Português::Vocabulario::Tipo_Palavra::Adjetivos
medroso, medrosa	medroso, medrosa	medroso, medrosa		/mɨ.ˈdɾo.zu/ ,  /mɨ.ˈdɾo.zɐ/				fearful						miedoso							peureux					ängstlich					poruc					timoroso										Português::Curso::A1::Livro_O_Alienista Português::Vocabulario::Pessoas::Descripçao Português::Vocabulario::Tipo_Palavra::Adjetivos
meigo, meiga	meigo, meiga	meigo, meiga		/ˈmɐj.gu/ ,  /ˈmɐj.gɐ/				sweet						afectuoso							doux					sanft					dolç					dolce										Português::Curso::A1::Livro_O_Alienista Português::Vocabulario::Pessoas::Descripçao Português::Vocabulario::Tipo_Palavra::Adjetivos
mentiroso, mentirosa	mentiroso, mentirosa	mentiroso, mentirosa		/mẽ.ti.ˈɾo.zu/ ,  /mẽ.ti.ˈɾo.zɐ/				liar						mentiroso							menteur					Lügner					mentider					bugiardo										Português::Curso::A1::Livro_O_Alienista Português::Vocabulario::Pessoas::Descripçao Português::Vocabulario::Tipo_Palavra::Adjetivos
meticuloso, meticulosa	meticuloso, meticulosa	meticuloso, meticulosa		/mɨ.ti.ku.ˈɫo.zu/ ,  /mɨ.ti.ku.ˈɫo.zɐ/				meticulous						meticuloso							méticuleux					akribisch					meticulós					meticoloso										Português::Curso::A1::Livro_O_Alienista Português::Vocabulario::Pessoas::Descripçao Português::Vocabulario::Tipo_Palavra::Adjetivos
misantropo, misantropa	misantropo, misantropa	misantropo, misantropa		/mi.zɐ̃.ˈtɾo.pu/ ,  /mi.zɐ̃.ˈtɾo.pɐ/				misanthrope						misántropo							misanthrope					Misantrop					misantrop					misantropo										Português::Curso::A1::Livro_O_Alienista Português::Vocabulario::Pessoas::Descripçao Português::Vocabulario::Tipo_Palavra::Adjetivos
moderno, moderna	moderno, moderna	moderno, moderna		/mu.ˈdeɾ.nu/ ,  /mu.ˈdeɾ.nɐ/				modern						moderno							moderne					modern					modern					moderno										Português::Curso::A1::Livro_O_Alienista Português::Vocabulario::Pessoas::Descripçao Português::Vocabulario::Tipo_Palavra::Adjetivos
modesto, modesta	modesto, modesta	modesto, modesta		/mu.ˈdeʃ.tu/ ,  /mu.ˈdeʃ.tɐ/				modest						modesto							modeste					bescheiden					modest					modesto										Português::Curso::A1::Livro_O_Alienista Português::Vocabulario::Pessoas::Descripçao Português::Vocabulario::Tipo_Palavra::Adjetivos
natural	natural	natural		/nɐ.tu.ˈɾaɫ/				natural						natural							naturel					natürlich					natural					naturale										Português::Curso::A1::Livro_O_Alienista Português::Vocabulario::Pessoas::Descripçao Português::Vocabulario::Tipo_Palavra::Adjetivos
nervoso, nervosa	nervoso, nervosa	nervoso, nervosa		/nɨɾ.ˈvo.zu/ ,  /nɨɾ.ˈvo.zɐ/				nervous						nervioso							nerveux					nervös					nerviós					nervoso										Português::Curso::A1::Livro_O_Alienista Português::Vocabulario::Pessoas::Descripçao Português::Vocabulario::Tipo_Palavra::Adjetivos
obediente	obediente	obediente		/o.bɨ.di.ˈẽ.tɨ/				obedient						obediente							obéissant					gehorsam					obedient					ubbidiente										Português::Curso::A1::Livro_O_Alienista Português::Vocabulario::Pessoas::Descripçao Português::Vocabulario::Tipo_Palavra::Adjetivos
olhos âmbar	olhos âmbar (ocre ou mel)	os olhos âmbar (ocre ou mel)		/uz ˈo.ʎuz ˈɐ̃.baɾ (ˈo.kɾɨ ˈo ˈmɛɫ)/				amber eyes						ojos ámbar							yeux ambre					bernsteinfarbene Augen					ulls ambre					occhi ambra										Português::Curso::A1::Livro_O_Alienista Português::Vocabulario::Pessoas::Descripçao::Olhos
olhos azuis	olhos azuis	os olhos azuis		/uz ˈo.ʎuz ɐ.ˈzujʃ/				blue eyes						ojos azules							yeux bleus					blaue Augen					ulls blaus					occhi azzurri										Português::Curso::A1::Livro_O_Alienista Português::Vocabulario::Pessoas::Descripçao::Olhos
olhos castanhos	olhos castanhos	os olhos castanhos		/uz ˈo.ʎuʃ kɐʃ.ˈtɐ.ɲuʃ/				brown eyes						ojos marrones							yeux marron					braune Augen					ulls marrons					occhi marroni										Português::Curso::A1::Livro_O_Alienista Português::Vocabulario::Pessoas::Descripçao::Olhos
olhos cinza	olhos cinza	os olhos cinza		/uz ˈo.ʎuʃ ˈsĩ.zɐ/				gray eyes						ojos grises							yeux gris					graue Augen					ulls gris					occhi grigi										Português::Curso::A1::Livro_O_Alienista Português::Vocabulario::Pessoas::Descripçao::Olhos
olhos cor de avelã	olhos cor de avelã	os olhos cor de avelã		/uz ˈo.ʎuʃ ˈkoɾ dɨ ɐ.vɨ.ˈɫɐ̃/				hazel eyes						ojos color avellana							yeux noisette					haselnussbraune Augen					ulls color avellana					occhi nocciola										Português::Curso::A1::Livro_O_Alienista Português::Vocabulario::Pessoas::Descripçao::Olhos
olhos pretos	olhos pretos	os olhos pretos		/uz ˈo.ʎuʃ ˈpɾe.tuʃ/				black eyes						ojos negros							yeux noirs					schwarze Augen					ulls negres					occhi neri										Português::Curso::A1::Livro_O_Alienista Português::Vocabulario::Pessoas::Descripçao::Olhos
olhos verdes	olhos verdes	os olhos verdes		/uz ˈo.ʎuʒ ˈveɾ.dɨʃ/				green eyes						ojos verdes							yeux verts					grüne Augen					ulls verds					occhi verdi										Português::Curso::A1::Livro_O_Alienista Português::Vocabulario::Pessoas::Descripçao::Olhos
orgulhoso, orgulhosa	orgulhoso, orgulhosa	orgulhoso, orgulhosa		/oɾ.gu.ˈʎo.zu/ ,  /oɾ.gu.ˈʎo.zɐ/				proud						orgulloso							fier					stolz					orgullós					orgoglioso										Português::Curso::A1::Livro_O_Alienista Português::Vocabulario::Pessoas::Descripçao Português::Vocabulario::Tipo_Palavra::Adjetivos
paciente	paciente	paciente		/pɐ.si.ˈẽ.tɨ/				patient						paciente							patient					geduldig					pacient					paziente										Português::Curso::A1::Livro_O_Alienista Português::Vocabulario::Pessoas::Descripçao Português::Vocabulario::Tipo_Palavra::Adjetivos
pacífico, pacífica	pacífico, pacífica	pacífico, pacífica		/pɐ.ˈsi.fɨ.ku/ ,  /pɐ.ˈsi.fɨ.kɐ/				peaceful						pacífico							pacifique					friedlich					pacífic					pacifico										Português::Curso::A1::Livro_O_Alienista Português::Vocabulario::Pessoas::Descripçao Português::Vocabulario::Tipo_Palavra::Adjetivos
parvo, parva	parvo, parva	parvo, parva		/ˈpaɾ.vu/ ,  /ˈpaɾ.vɐ/				dumb						tonto							idiot					dumm					babau					idiota										Português::Curso::A1::Livro_O_Alienista Português::Vocabulario::Pessoas::Descripçao Português::Vocabulario::Tipo_Palavra::Adjetivos
pateta	pateta	pateta		/pɐ.ˈte.tɐ/				silly						imbécil							bébé					blöd					dotzo					sciocco										Português::Curso::A1::Livro_O_Alienista Português::Vocabulario::Pessoas::Descripçao Português::Vocabulario::Tipo_Palavra::Adjetivos
patife	patife	patife		/pɐ.ˈti.fɨ/				rascal						granuja							canaille					schurke					golfero					mascalzone										Português::Curso::A1::Livro_O_Alienista Português::Vocabulario::Pessoas::Descripçao Português::Vocabulario::Tipo_Palavra::Adjetivos
piroso, pirosa	piroso, pirosa	piroso, pirosa		/pi.ˈɾo.zu/ ,  /pi.ˈɾo.zɐ/				tacky						hortera							terne					billig					tacky					squallido										Português::Curso::A1::Livro_O_Alienista Português::Vocabulario::Pessoas::Descripçao Português::Vocabulario::Tipo_Palavra::Adjetivos
precavido, precavida	precavido, precavida	precavido, precavida		/pɾɨ.kɐ.ˈvi.du/ ,  /pɾɨ.kɐ.ˈvi.dɐ/				cautious						precavido							prudent					vorsichtig					precavit					prudente										Português::Curso::A1::Livro_O_Alienista Português::Vocabulario::Pessoas::Descripçao Português::Vocabulario::Tipo_Palavra::Adjetivos
presunçoso, presunçosa	presunçoso, presunçosa	presunçoso, presunçosa		/pɾɨ.zũ.ˈso.zu/ ,  /pɾɨ.zũ.ˈso.zɐ/				presumptuous						presuntuoso							prétentieux					anmaßend					presumptuós					presuntuoso										Português::Curso::A1::Livro_O_Alienista Português::Vocabulario::Pessoas::Descripçao Português::Vocabulario::Tipo_Palavra::Adjetivos
pródigo, pródiga	pródigo, pródiga	pródigo, pródiga		/ˈpɾɔ.di.gu/ ,  /ˈpɾɔ.di.gɐ/				prodigal						pródigo							prodigal					verschwenderisch					pròdig					prodigale										Português::Curso::A1::Livro_O_Alienista Português::Vocabulario::Pessoas::Descripçao Português::Vocabulario::Tipo_Palavra::Adjetivos
progressista	progressista	progressista		/pɾu.gɾɨ.ˈsiʃ.tɐ/				progressive						progresista							progressiste					progressiv					progressista					progressista										Português::Curso::A1::Livro_O_Alienista Português::Vocabulario::Pessoas::Descripçao Português::Vocabulario::Tipo_Palavra::Adjetivos
prudente	prudente	prudente		/pɾu.ˈdẽ.tɨ/				prudent						prudente							prudent					umsichtig					prudent					prudente										Português::Curso::A1::Livro_O_Alienista Português::Vocabulario::Pessoas::Descripçao Português::Vocabulario::Tipo_Palavra::Adjetivos
reacionário, reacionária	reacionário, reacionária	reacionário, reacionária		/ʁi.ɐ.si.u.ˈna.ɾi.u/ ,  /ʁi.ɐ.si.u.ˈna.ɾi.ɐ/				reactionary						reaccionario							réactionnaire					reaktionär					reaccionari					reazionario										Português::Curso::A1::Livro_O_Alienista Português::Vocabulario::Pessoas::Descripçao Português::Vocabulario::Tipo_Palavra::Adjetivos
resoluto, resoluta	resoluto, resoluta	resoluto, resoluta		/ʁɨ.zu.ˈɫu.tu/ ,  /ʁɨ.zu.ˈɫu.tɐ/				resolute						resuelto							résolu					entschlossen					resolt risoluto															Português::Curso::A1::Livro_O_Alienista Português::Vocabulario::Pessoas::Descripçao Português::Vocabulario::Tipo_Palavra::Adjetivos
retraído, retraída	retraído, retraída	retraído, retraída		/ʁɨ.tɾɐ.ˈi.du/ ,  /ʁɨ.tɾɐ.ˈi.dɐ/				withdrawn						retraído							renfermé					zurückgezogen					retraído					riservato										Português::Curso::A1::Livro_O_Alienista Português::Vocabulario::Pessoas::Descripçao Português::Vocabulario::Tipo_Palavra::Adjetivos
revolucionário, revolucionária	revolucionário, revolucionária	revolucionário, revolucionária		/ʁɨ.vu.ɫu.si.u.ˈna.ɾi.u/ ,  /ʁɨ.vu.ɫu.si.u.ˈna.ɾi.ɐ/				revolutionary						revolucionario							révolutionnaire					revolutionär					revolucionari					rivoluzionario										Português::Curso::A1::Livro_O_Alienista Português::Vocabulario::Pessoas::Descripçao Português::Vocabulario::Tipo_Palavra::Adjetivos
ríspido, ríspida	ríspido, ríspida	ríspido, ríspida		/ˈʁiʃ.pɨ.du/ ,  /ˈʁiʃ.pɨ.dɐ/				gruff						áspero							grégaire					rau					ríspid					ruvido										Português::Curso::A1::Livro_O_Alienista Português::Vocabulario::Pessoas::Descripçao Português::Vocabulario::Tipo_Palavra::Adjetivos
rudo, ruda	rudo, ruda	rudo, ruda		/ˈʁu.du/ ,  /ˈʁu.dɐ/				rough						rudo							rude					rauh					rude					rozzo										Português::Curso::A1::Livro_O_Alienista Português::Vocabulario::Pessoas::Descripçao Português::Vocabulario::Tipo_Palavra::Adjetivos
seguro, segura	seguro, segura	seguro, segura		/sɨ.ˈgu.ɾu/ ,  /sɨ.ˈgu.ɾɐ/				confident						seguro							sûr					sicher					segur					sicuro										Português::Curso::A1::Livro_O_Alienista Português::Vocabulario::Pessoas::Descripçao Português::Vocabulario::Tipo_Palavra::Adjetivos
sensível	sensível	sensível		/sẽ.ˈsi.vɛɫ/				sensitive						sensible							sensible					sensibel					sensible					sensibile										Português::Curso::A1::Livro_O_Alienista Português::Vocabulario::Pessoas::Descripçao Português::Vocabulario::Tipo_Palavra::Adjetivos
sereno, serena	sereno, serena	sereno, serena		/sɨ.ˈɾe.nu/ ,  /sɨ.ˈɾe.nɐ/				serene						sereno							serein					gelassen					seré					sereno										Português::Curso::A1::Livro_O_Alienista Português::Vocabulario::Pessoas::Descripçao Português::Vocabulario::Tipo_Palavra::Adjetivos
sincero, sincera	sincero, sincera	sincero, sincera		/sĩ.ˈse.ɾu/ ,  /sĩ.ˈse.ɾɐ/				sincere						sincero							sincère					aufrichtig					sincer					sincero										Português::Curso::A1::Livro_O_Alienista Português::Vocabulario::Pessoas::Descripçao Português::Vocabulario::Tipo_Palavra::Adjetivos
somítico, somítica	somítico, somítica	somítico, somítica		/su.ˈmi.tɨ.ku/ ,  /su.ˈmi.tɨ.kɐ/				greedy						avaricioso							avare					geizig					avar					avaro										Português::Curso::A1::Livro_O_Alienista Português::Vocabulario::Pessoas::Descripçao Português::Vocabulario::Tipo_Palavra::Adjetivos
sossegado, sossegada	sossegado, sossegada	sossegado, sossegada		/su.sɨ.ˈga.du/ ,  /su.sɨ.ˈga.dɐ/				calm						tranquilo							calme					ruhig					calma					calmo										Português::Curso::A1::Livro_O_Alienista Português::Vocabulario::Pessoas::Descripçao Português::Vocabulario::Tipo_Palavra::Adjetivos
sovina	sovina	sovina		/su.ˈvi.nɐ/				stingy						tacaño							avare					geizig					tacany					avaro										Português::Curso::A1::Livro_O_Alienista Português::Vocabulario::Pessoas::Descripçao Português::Vocabulario::Tipo_Palavra::Adjetivos
tem franja	tem franja	tem franja		/tɐ̃j ˈfɾɐ̃.ʒɐ/				has bangs						tiene flequillo							a une frange					hat Pony					té serrell					ha la frangia										Português::Curso::A1::Livro_O_Alienista Português::Vocabulario::Pessoas::Descripçao::Cabelo Português::Vocabulario::Tipo_Palavra::Adjetivos
tem madeixas	tem madeixas	tem madeixas		/tɐ̃j mɐ.ˈdɐj.ʃɐʃ/				has highlights						tiene mechas							a des mèches					hat Strähnchen					té metxes					ha i colpi di sole										Português::Curso::A1::Livro_O_Alienista Português::Vocabulario::Pessoas::Descripçao::Cabelo
temeroso, temerosa	temeroso, temerosa	temeroso, temerosa		/tɨ.mɨ.ˈɾo.zu/ ,  /tɨ.mɨ.ˈɾo.zɐ/				fearful						temeroso							peureux					ängstlich					temerós					temeroso										Português::Curso::A1::Livro_O_Alienista Português::Vocabulario::Pessoas::Descripçao Português::Vocabulario::Tipo_Palavra::Adjetivos
tolerante	tolerante	tolerante		/tu.ɫɨ.ˈɾɐ̃.tɨ/				tolerant						tolerante							tolérant					tolerant					tolerant					tollerante										Português::Curso::A1::Livro_O_Alienista Português::Vocabulario::Pessoas::Descripçao Português::Vocabulario::Tipo_Palavra::Adjetivos
tolo, tola	tolo, tola	tolo, tola		/ˈto.ɫu/ ,  /ˈto.ɫɐ/				fool						tonto							imbécile					Dummkopf					babau					scemo										Português::Curso::A1::Livro_O_Alienista Português::Vocabulario::Pessoas::Descripçao Português::Vocabulario::Tipo_Palavra::Adjetivos
tranquilo, tranquila	tranquilo, tranquila	tranquilo, tranquila		/tɾɐ̃.ˈki.ɫu/ ,  /tɾɐ̃.ˈki.ɫɐ/				tranquil						tranquilo							tranquille					ruhig					tranquil					tranquillo										Português::Curso::A1::Livro_O_Alienista Português::Vocabulario::Pessoas::Descripçao Português::Vocabulario::Tipo_Palavra::Adjetivos
transigente	transigente	transigente		/tɾɐ̃.zɨ.ˈʒẽ.tɨ/				accommodating						transigente							accommodant					entgegenkommend					transigent					transigente										Português::Curso::A1::Livro_O_Alienista Português::Vocabulario::Pessoas::Descripçao Português::Vocabulario::Tipo_Palavra::Adjetivos
trapalhão, trapalhona	trapalhão, trapalhona	trapalhão, trapalhona		/tɾɐ.pɐ.ˈʎɐ̃w/ ,  /tɾɐ.pɐ.ˈʎo.nɐ/				clumsy						torpe							empoté					ungeschickt					patós					goffo										Português::Curso::A1::Livro_O_Alienista Português::Vocabulario::Pessoas::Descripçao Português::Vocabulario::Tipo_Palavra::Adjetivos
valente	valente	valente		/vɐ.ˈɫẽ.tɨ/				brave						valiente							courageux					tapfer					valent					coraggioso										Português::Curso::A1::Livro_O_Alienista Português::Vocabulario::Pessoas::Descripçao Português::Vocabulario::Tipo_Palavra::Adjetivos
vergonhoso, vergonhosa		vergonhoso, vergonhosa		/vɨɾ.gu.ˈɲo.zu/ ,  /vɨɾ.gu.ˈɲo.zɐ/				ashamed						avergonzado							honteux					beschämt					avergonyit					vergognoso										Português::Curso::A1::Livro_O_Alienista Português::Vocabulario::Pessoas::Descripçao Português::Vocabulario::Tipo_Palavra::Adjetivos
violento, violenta	violento, violenta	violento, violenta		/vi.u.ˈɫẽ.tu/ ,  /vi.u.ˈɫẽ.tɐ/				violent						violento							violent					gewalttätig					violent					violento										Português::Curso::A1::Livro_O_Alienista Português::Vocabulario::Pessoas::Descripçao Português::Vocabulario::Tipo_Palavra::Adjetivos
tem carapinha	tem carapinha	tem carapinha		/tɐ̃j kɐ.ɾɐ.ˈpi.ɲɐ/				has frizzy hair						pelo afro							a des cheveux crépus					hast krauses Haar					té cabells arrissats					ha i capelli crespi										Português::Curso::A1 Português::Vocabulario::Pessoas::Descripçao::Cabelo Português::Vocabulario::Tipo_Palavra::Adjetivos