guardanapos	<img src="_guardanapo_servilleta.JPG">	guardanapo	os guardanapos	/os guar.da.na.pos/	/ uʒ ɡwaʁdɐˈnapus /	sm			napkins			npl			servilletas						serviette						Serviette						nàpia						tovagliolo												Português::Curso::A1 Português::Vocabulario::Alimentos::Louça Português::Vocabulario::Actividades::No_Restaurante Português::Vocabulario::Casa::Cozinha::Utensílios Português::Vocabulario::Refeições::Utensílios
toalha de mesa	<img src="_mantel.JPG">	toalha de mesa	a toalha de mesa	/ɐ tuˈaʎɐ dɨ ˈmɛzɐ/	/a toˈaʎɐ dʒi ˈmɛzɐ/	sf			tablecloth	/ˈteɪbəlˌklɔθ/	/ˈteɪbᵊlklɒθ/	n			mantel	/manˈtel/	/manˈtel/				nappe		/nap/				Tischdecke						estovalles						tovaglia												Português::Curso::A1 Português::Vocabulario::Casa::Cozinha::Utensílios Português::Vocabulario::Casa::Tarefas_domésticas Português::Vocabulario::Especial::Falso_Amigo
talher, talheres	<img src="_talheres_cubiertos.JPG">	talher, talheres	o/a talher, os/as talheres	/u tɐ.ˈʎeɾ/   /uʃ tɐ.ˈʎe.ɾɨʃ/	/ ˈɔɐ taˈʎeʁ | ˈɔsɐ taˈʎeɾes /	sm/f			cutlery	/ˈkətlə˞ɹi/	/ˈkʌtləri/	n			cubertería						couverts						Besteck						cuberts						posate												Português::Curso::A1 Português::Vocabulario::Alimentos::Louça Português::Vocabulario::Actividades::No_Restaurante Português::Vocabulario::Casa::Cozinha::Utensílios Português::Vocabulario::Casa::Cozinha::Utensílios::Talheres Português::Vocabulario::Especial::Falso_Amigo
cadeiras	<img src="_cadeiras_sillas.JPG">	cadeiras	as cadeiras	/ɐʃ kɐ.ˈdɐj.ɾɐʃ/	/ aʃ kaˈdejɾas /	sfp			chairs	/ˈtʃɛrz/	/ˈtʃeəz/	npl			sillas						chaises						Stühle						cadires						sedie												Português::Curso::A1 Português::Vocabulario::Alimentos::Louça Português::Vocabulario::Actividades::No_Restaurante Português::Vocabulario::Casa::Cozinha Português::Vocabulario::Casa::Móveis
fogão	<img src="_stove.JPG">	fogão	o fogão	/u fu.ˈgɐ̃w/	/ u foˈɡɐ̃w̃ /	sm			stove	/ˈstoʊv/	/ˈstəʊv/	n			estufa	/esˈtufa/	/esˈtufa/				cuisinière		/kɥizinjɛʁ/				Herd						estufa						stufa												Português::Curso::A1 Português::Vocabulario::Casa Português::Vocabulario::Casa::Cozinha Português::Vocabulario::Casa::Eletrodomésticos
lava-louça	<img src="_dishwasher.JPG">	lava-louça	o lava-louça	/u lɐvɐˈlosɐ/	/u lavaˈlosɐ/	sm			dishwasher	/ˈdɪʃˌwɔʃə˞/	/ˈdɪʃˌwɒʃə/	n			lavavajillas						lave-vaisselle						Geschirrspüler						escalfador						lavastoviglie												Português::Curso::A1 Português::Vocabulario::Alimentos::Louça Português::Vocabulario::Casa::Cozinha Português::Vocabulario::Casa::Eletrodomésticos
micro-ondas	<img src="_microondas.JPG">	micro-ondas	o micro-ondas	/u ˈmi.kɾu-ˈõ.dɐʃ/	/ u mikɾoˈõdas /	sm			microwave	/ˈmaɪkɹoˌweɪv/	/ˈmaɪkrəweɪv/	n			microondas						micro-ondes						Mikrowelle						microones						microonde												Português::Curso::A1 Português::Vocabulario::Casa::Cozinha Português::Vocabulario::Casa::Eletrodomésticos
frigorífico	<img src="_en_fridge.JPG">	frigorífico	o frigorífico	/u fɾi.gu.ˈɾi.fɨ.ku/	/ u fɾiɡoˈɾifiku /	sm			fridge	/ˈfɹɪdʒ/	/ˈfrɪdʒ/	n			refrigerador						réfrigérateur						Kühlschrank						frigorífic						frigorifero												Português::Curso::A1 Português::Vocabulario::Casa::Cozinha Português::Vocabulario::Casa::Eletrodomésticos
prato	<img src="_prato.JPG">	prato	o prato	/u ˈpɾa.tu/	/ u ˈpɾatu /	sm			plate	/ˈpleɪt/	/ˈpleɪt/	n			plato						assiette						Teller						plat						piatto												Português::Curso::A1 Português::Vocabulario::Alimentos::Louça Português::Vocabulario::Casa::Cozinha Português::Vocabulario::Casa::Cozinha::Utensílios
garfo	<img src="_en_fork.JPG">	garfo	o garfo	/u ˈgaɾ.fu/	/ u ˈɡaʁfu /	sm			fork	/ˈfɔrk/	/ˈfɔːk/	n			tenedor						forchetta						Gabel						forquilla						forchetta												Português::Curso::A1 Português::Vocabulario::Casa::Cozinha Português::Vocabulario::Casa::Cozinha::Utensílios::Talheres
faca	<img src="_en_knife.JPG">	faca	a faca	/ɐ ˈfa.kɐ/	/ a ˈfakɐ /	sf			knife	/ˈnaɪf/	/ˈnaɪf/	n			cuchillo						couteau						Messer						cotxeillo						coltello												Português::Curso::A1 Português::Vocabulario::Casa::Cozinha::Utensílios Português::Vocabulario::Casa::Cozinha::Utensílios::Talheres
colher	<img src="_en_spoon.JPG">	colher	a colher	/ɐ ku.ˈʎeɾ/	/ a koˈʎeʁ /	sf (pl: colheres)			spoon	/ˈspun/	/ˈspuːn/	n			cuchara						cuillère						Löffel						cullera						cucchiaino												Português::Curso::A1 Português::Vocabulario::Casa::Cozinha::Utensílios Português::Vocabulario::Casa::Cozinha::Utensílios::Talheres
guardanapo	<img src="_guardanapo.JPG">	guardanapo	o guardanapo	/u gwaɾ.dɐ.ˈna.pu/	/ u ɡwaʁdɐˈnapu /	sm			napkin	/ˈnæpkən/	/ˈnæpkɪn/	n			servilleta						serviette						Serviette						nàpia						tovagliolo												Português::Curso::A1 Português::Vocabulario::Casa::Cozinha Português::Vocabulario::Casa::Cozinha::Utensílios
copo	<img src="_copo_vaso.JPG">	copo	o copo	/u ˈko.pu/	/ u ˈkɔpu /	sm			glass	/ˈɡlæs/	/ˈɡlɑːs/	n			vaso						verre						Glas						got						coperta												Português::Curso::A1 Português::Vocabulario::Alimentos::Louça Português::Vocabulario::Casa::Cozinha Português::Vocabulario::Casa::Cozinha::Utensílios Português::Vocabulario::Especial::Falso_Amigo
toalha (casa de banho)	<img src="_toalla.JPG">	toalha	a toalha	/ɐ tu.ˈa.ʎɐ/	/ a toˈaʎɐ /	sf			towel	/ˈtaʊəl/	/ˈtaʊəl/	n			toalla						serviette						Handtuch						fulard						asciugamano												Português::Curso::A1 Português::Vocabulario::Actividades::Praia Português::Vocabulario::Casa::Casa_de_Banho Português::Vocabulario::Pessoas::Cuidado_Pessoal
chávena (PT)	<img src="_taza_chávena.JPG">	chávena	a chávena	/ɐ ˈʃa.vɨ.nɐ/	/ a ˈʃavenɐ /	sf			cup (PT)	/ˈkəp/	/ˈkʌp/	n			taza (PT)						tasse (PT)						Tasse (PT)						tassa (PT)						tazza (PT)												Português::Curso::A1 Português::Vocabulario::Alimentos::Louça Português::Vocabulario::Casa::Cozinha::Utensílios
taça	<img src="_taça_copa.JPG">	taça	a taça	/ɐ ˈta.sɐ/	/ a ˈtasɐ /	sf			glass	/ˈɡlæs/	/ˈɡlɑːs/	n			copa						verre						Glas						tassa						bicchiere												Português::Curso::A1 Português::Vocabulario::Alimentos::Louça Português::Vocabulario::Casa::Cozinha Português::Vocabulario::Casa::Cozinha::Utensílios Português::Vocabulario::Especial::Falso_Amigo
garrafa	<img src="_garrafa.JPG">	garrafa	a garrafa	/ɐ ga.ˈʁa.fɐ/	/ a ɡaˈʁafɐ /	sf			bottle	/ˈbɑtl̩/	/ˈbɒtᵊl/	n			botella						bouteille						Flasche						ampolla						bottiglia												Português::Curso::A1 Português::Vocabulario::Alimentos::Louça Português::Vocabulario::Alimentos::Paquetes Português::Vocabulario::Casa::Cozinha Português::Vocabulario::Casa::Cozinha::Utensílios Português::Vocabulario::Especial::Falso_Amigo
jarra	<img src="_jarra.JPG">	jarra	a jarra	/ɐ ˈʒa.ʁɐ/	/ a ˈʒaʁɐ /	sf			jug	/ˈdʒəɡ/	/ˈdʒʌɡ/	n			jarra						carafe						Krug						jarra						bottiglia												Português::Curso::A1 Português::Vocabulario::Alimentos::Louça Português::Vocabulario::Casa::Cozinha::Utensílios Português::Vocabulario::Refeições::Utensílios
panela	<img src="_panela.JPG">	panela	a panela	/ɐ pɐ.ˈne.ɫɐ/	/ a pɐˈnɛlɐ /	sf			pot	/ˈpɑt/	/ˈpɒt/	n			olla, cacerola						poele						Pfanne						olla						pentola												Português::Curso::A1 Português::Vocabulario::Casa::Cozinha::Utensílios::Panelas
louça	<img src="_louça_loz.JPG">	louça	a louça	/ɐ ˈɫo.sɐ/	/ a ˈlosɐ /	sf			dishes	/ˈdɪʃəz/	/ˈdɪʃɪz/	npl			vajilla						vaisselle						Geschirr						vaixella						piatti												Português::Curso::A1 Português::Vocabulario::Alimentos::Louça Português::Vocabulario::Casa::Cozinha
máquina de café	<img src="_maquina_de_cafe.JPG">	máquina de café	a máquina de café	/ɐ ˈma.ki.nɐ dɨ kɐ.ˈfɛ/	/ a ˈmakinɐ dʒi kaˈfɛ /	sf			coffee machine	/ˈkɔfi məˈʃin/	/ˈkɒfi məˈʃiːn/	n			cafetera						machine à café						Kaffeemaschine						màquina de cafè						macchina del caffè												Português::Curso::A1 Português::Vocabulario::Alimentos::Bebidas::Café Português::Vocabulario::Casa::Cozinha Português::Vocabulario::Casa::Eletrodomésticos
tigelas	<img src="_tigelas.JPG">	tigelas	as tigelas	/ɐʃ tɨ.ˈʒe.ɫɐʃ/	/ aʃ tʃiˈʒɛlas /	sf			bowls	/ˈboʊlz/	/ˈbəʊlz/	npl			tazones						bols						Schalen						cubs						ciotole												Português::Curso::A1 Português::Vocabulario::Alimentos::Louça Português::Vocabulario::Casa::Cozinha Português::Vocabulario::Casa::Cozinha::Utensílios
pratos fundos	<img src="_pratos_fundos.JPG">	pratos fundos	os pratos fundos	/uʃ ˈpɾa.tuʃ ˈfũ.duʃ/	/ uʃ ˈpɾatus ˈfũdus /	sm			deep plates	/ˈdip ˈpleɪts/	/ˈdiːp ˈpleɪts/	npl			platos hondos						assiettes creuses						Teller tief						Plats fondos						piatti fondi												Português::Curso::A1 Português::Vocabulario::Alimentos::Louça Português::Vocabulario::Casa::Cozinha Português::Vocabulario::Casa::Cozinha::Utensílios
forno	<img src="_forno_a_lenha.JPG">&nbsp;<img src="_forno.JPG">	forno	o forno	/u ˈfoɾ.nu/	/ u ˈfɔʁnu /	sm			oven	/ˈəvən/	/ˈʌvᵊn/	n			horno						four						Ofen						forn						forno												Português::Curso::A1 Português::Vocabulario::Casa::Cozinha Português::Vocabulario::Casa::Eletrodomésticos
escorredor	<img src="_escorredor.JPG">	escorredor	o escorredor	/u ʃ.ku.ʁɨ.ˈdoɾ/	/ u iskoʁeˈdoʁ /	sm			drainer	/ˈdɹeɪnə˞/	/ˈdreɪnə/	n			escurridor						égouttoir						Abtropffläche						escorredor						scolapasta												Português::Curso::A1 Português::Vocabulario::Alimentos::Louça Português::Vocabulario::Casa::Cozinha Português::Vocabulario::Casa::Tarefas_domésticas
passador	<img src="_colador.JPG">	passador	o passador	/u pɐ.sɐ.ˈdoɾ/	/ u pasaˈdoʁ /	sm			colander	/ˈkɑləndə˞/	/ˈkɒləndə/	n			colador						passoire						Seiher						coleador						colino												Português::Curso::A1 Português::Vocabulario::Casa::Cozinha Português::Vocabulario::Casa::Cozinha::Utensílios::Utensílios
descascador	<img src="_pelador.JPG">	descascador	o descascador	/u dɨʃ.kɐʃ.kɐ.ˈdoɾ/	/ u deskaskaˈdoʁ /	sm			peeler	/ˈpilə˞/	/ˈpiːlə/	n			pelador						épluche-légumes						Schäler						escorredor						sbucciatore												Português::Curso::A1 Português::Vocabulario::Casa::Cozinha Português::Vocabulario::Casa::Cozinha::Utensílios::Utensílios
máquina de lavar	<img src="_lavadora.JPG">	máquina de lavar (roupa)	a máquina de lavar	/ɐ ˈma.ki.nɐ dɨ ɫɐ.ˈvaɾ/	/ a ˈmakinɐ dʒi laˈvaʁ /	sf			washing machine	/ˈwɔʃɪŋ məˈʃin/	/ˈwɒʃɪŋ məˈʃiːn/	n			lavadora						machine à laver						Waschmaschine						llavador (roba)						lavatrice (vestiti)												Português::Curso::A1 Português::Vocabulario::Casa::Eletrodomésticos Português::Vocabulario::Casa::Tarefas_domésticas::Roupa Português::Vocabulario::Pessoas::Roupa Português::Vocabulario::Pessoas::Roupa::Detalhes
vassoura	<img src="_vassoura.JPG">	vassoura	a vassoura	/ɐ vɐ.ˈso.ɾɐ/	/ a vaˈsoɾɐ /	sf			broom	/ˈbɹum/	/ˈbruːm/	n			escoba						balai						Besen						escoba						scopa												Português::Curso::A1 Português::Vocabulario::Casa::Tarefas_domésticas::Produtos_Limpeza Português::Vocabulario::Especial::Falso_Amigo
luvas (limp)	<img src="_guantes_luvas.JPG">	luvas	as luvas	/ɐʒ ˈɫu.vɐʃ/	/ aʒ ˈluvas /	sf			gloves	/ˈɡləvz/	/ˈɡlʌvz/	npl			guantes						gants						Handschuhe						guants						guanti												Português::Curso::A1 Português::Vocabulario::Casa::Tarefas_domésticas::Produtos_Limpeza
baldes	<img src="_balde.JPG">	baldes	os baldes	/uʒ ˈbaɫ.dɨʃ/	/ uʒ ˈbawdes /	sm			buckets	/ˈbəkəts/	/ˈbʌkɪts/	npl			cubos						seaux, seau						Eimer						cubs						bidoni												Português::Curso::A1 Português::Vocabulario::Casa::Tarefas_domésticas::Produtos_Limpeza
panos de chão	<img src="_panos_de_chao.JPG">	panos de chão	os panos de chão	/uʃ ˈpɐ.nuʒ dɨ ˈʃɐ̃w/	/ uʃ ˈpɐnus dʒi ˈʃɐ̃w̃ /	sm			floor cloths	/ˈflɔr ˈklɔðz/	/ˈflɔː ˈklɒθs/	npl			jergas (mx)						chiffons de sol						Bodenlappen						panys de terra						panni da pavimento												Português::Curso::A1 Português::Vocabulario::Casa::Tarefas_domésticas
panos (limp)	<img src="_panos.JPG">	panos	os panos	/uʃ ˈpɐ.nuʃ/	/ uʃ ˈpɐnus /	sm			cloths	/ˈklɔðz/	/ˈklɒθs/	npl			paños						chiffons						Lappen						panys						panni												Português::Curso::A1 Português::Vocabulario::Casa Português::Vocabulario::Casa::Tarefas_domésticas::Produtos_Limpeza
tabua de engomar	<img src="_tabua_de_engomar.JPG">	tabua de engomar	a tabua de engomar	/ɐ tɐ.ˈbu.ɐ dɨ ẽ.gu.ˈmaɾ/	/ a taˈbuɐ dʒi ẽɡoˈmaʁ /	sf			ironing board	/ˈaɪə˞nɪŋ ˈbɔrd/	/ˈaɪənɪŋ ˈbɔːd/	n			tabla de planchar						planche à repasser						Bügelbrett						taula de planxar						tavola da stiro												Português::Curso::A1 Português::Vocabulario::Casa Português::Vocabulario::Casa::Tarefas_domésticas Português::Vocabulario::Casa::Tarefas_domésticas::Roupa
estendal	<img src="_estendal.JPG">	estendal	o estendal	/u ʃ.tẽ.ˈdaɫ/	/ u istẽˈdaw /	sm			drying rack	/ˈdɹaɪɪŋ ˈɹæk/	/ˈdraɪɪŋ ˈræk/	n			tendedero						étendoir						Wäscheständer						estenedor						asciugatrice												Português::Curso::A1 Português::Vocabulario::Casa Português::Vocabulario::Casa::Tarefas_domésticas Português::Vocabulario::Casa::Tarefas_domésticas::Roupa
detergente (roupa)	<img src="_detergente.JPG">	detergente	o detergente	/u dɨ.tɨɾ.ˈʒẽ.tɨ/	/ u deteʁˈʒẽtʃi /	sm			detergent	/dɪˈtɜ˞dʒənt/	/dɪˈtɜːdʒᵊnt/	n			detergente						détergent						Reinigungsmittel						detergent						detersivo												Português::Curso::A1 Português::Vocabulario::Casa Português::Vocabulario::Casa::Tarefas_domésticas::Produtos_Limpeza Português::Vocabulario::Casa::Tarefas_domésticas::Roupa
andar	<img src="_andar.JPG">	andar	o andar	/u ɐ̃.ˈdaɾ/	/ u ɐ̃ˈdaʁ /	sm			floor (as in floor number in a building)	/ˈflɔr/	/ˈflɔː | əz ɪn ˈflɔː ˈnʌmbər ɪn ə ˈbɪldɪŋ |/	n			piso (en un edificio)						plancher						Stockwerk						pis						piano												Português::Curso::A1 Português::Vocabulario::Casa
armario	<img src="_armario.jpg">	armario	o armario	/u aɾ.mɐ.ˈɾi.u/	/ u aʁmaˈɾiu /	sm			wardrobe	/ˈwɔrˌdɹoʊb/	/ˈwɔːdrəʊb/	n			armario (cerrado)						armoire						Schrank						armari						armadio												Português::Curso::A1 Português::Vocabulario::Casa Português::Vocabulario::Casa::Móveis
cadeira	<img src="_cadeira_silla_chair.JPG">	cadeira	a cadeira	/ɐ kɐ.ˈdɐj.ɾɐ/	/ a kaˈdejɾɐ /	sf			chair	/ˈtʃɛr/	/ˈtʃeə/	n			silla						chaise						Stuhl						cadira						sedia												Português::Curso::A1 Português::Vocabulario::Casa::Móveis
esquentador	<img src="_esquentador_boiler.JPG">	esquentador	o esquentador	/u ʃ.kẽ.tɐ.ˈdoɾ/	/ u iskẽtaˈdoʁ /	sm			heater	/ˈhitə˞/	/ˈhiːtə/	n			calentador						chauffe-eau						Heizung						escalfador						scaldabagno												Português::Curso::A1 Português::Vocabulario::Casa
estante	<img src="_estante_armario.JPG">	estante	a estante	/ɐ ʃ.ˈtɐ̃.tɨ/	/ a isˈtɐ̃tʃi /	sf			shelf	/ˈʃɛlf/	/ˈʃelf/	n			estantería, librero						étagère						Regal						prestatge						scaffale												Português::Curso::A1 Português::Vocabulario::Casa Português::Vocabulario::Casa::Móveis
gaveta	<img src="_gaveta.JPG">	gaveta	a gaveta	/ɐ gɐ.ˈve.tɐ/	/ a ɡaˈvɛtɐ /	sf			drawer	/ˈdɹɔə˞/	/ˈdrɔː/	n			cajón						tiroir						Schublade						calaix						cassetto												Português::Curso::A1 Português::Vocabulario::Casa::Cozinha Português::Vocabulario::Casa::Móveis Português::Vocabulario::Casa::Quarto_de_Dormir
janela	<img src="_janela.JPG">	janela	a janela	/ɐ ʒɐ.ˈne.ɫɐ/	/ a ʒɐˈnɛlɐ /	sf			window	/ˈwɪndoʊ/	/ˈwɪndəʊ/	n			ventana						fenêtre						Fenster						finestra						finestra												Português::Curso::A1 Português::Vocabulario::Casa
mesa	<img src="_mesa.JPG">	mesa	a mesa	/ɐ ˈme.zɐ/	/ a ˈmɛzɐ /	sf			table	/ˈteɪbəl/	/ˈteɪbᵊl/	n			mesa						table						Tisch						taula						tavolo												Português::Curso::A1 Português::Vocabulario::Casa::Móveis
prateleira	<img src="_prateleira_entrepaño.JPG">	prateleira	a prateleira	/ɐ pɾɐ.tɨ.ˈɫɐj.ɾɐ/	/ a pɾateˈlejɾɐ /	sf			shelf	/ˈʃɛlf/	/ˈʃelf/	n			entrepaño						étagère						Regal						prestatge						scaffale												Português::Curso::A1 Português::Vocabulario::Casa::Cozinha Português::Vocabulario::Casa::Móveis Português::Vocabulario::Casa::Sala_de_estar
secretária	<img src="_secretaria.JPG">	secretária	a secretária	/ɐ sɨ.kɾɨ.ˈta.ɾi.ɐ/	/ a sekɾeˈtaɾiɐ /	sf			desk	/ˈdɛsk/	/ˈdesk/	n			escritorio						bureau						Schreibtisch						escriptori						scrivania												Português::Curso::A1 Português::Vocabulario::Casa::Móveis Português::Vocabulario::Trabalho
sofá	<img src="en_sofa.JPG">	sofá	o sofá	/u su.ˈfa/	/ u soˈfa /	sm			sofa	/ˈsoʊfə/	/ˈsəʊfə/	n			sillón sofá						canapé						Sofa						sofà						divano												Português::Curso::A1 Português::Vocabulario::Casa::Móveis Português::Vocabulario::Casa::Sala_de_estar
tapete	<img src="_tapete_alfombra_rug.JPG">	tapete	o tapete	/u tɐ.ˈpe.tɨ/	/ u taˈpɛtʃi /	sm			carpet	/ˈkɑrpət/	/ˈkɑːpɪt/	n			alfombra						tapis						Teppich						catifa						tappeto												Português::Curso::A1 Português::Vocabulario::Casa Português::Vocabulario::Casa::Quarto_de_Dormir Português::Vocabulario::Casa::Sala_de_estar
televisão	<img src="_televisao_tv.JPG">	televisão	a televisão	/ɐ tɨ.ɫɨ.vi.ˈzɐ̃w/	/ a televiˈzɐ̃w̃ /	sf			television	/ˈtɛləˌvɪʒən/	/ˈtelɪvɪʒᵊn/	n			televisión						télévision						Fernseher						televisió						televisione												Português::Curso::A1 Português::Vocabulario::Casa::Eletrodomésticos Português::Vocabulario::Casa::Sala_de_estar
varanda	<img src="_varanda_balcon_balcony.JPG">	varanda	a varanda	/ɐ vɐ.ˈɾɐ̃.dɐ/	/ a vaˈɾɐ̃dɐ /	sf			balcony	/ˈbælkəni/	/ˈbælkəni/	n			balcón						balcon						Balkon						balcó						balcone												Português::Curso::A1 Português::Vocabulario::Casa Português::Vocabulario::Casa::Quartos
casa de banho (PT)	<img src="EN_bathroom.jpg">	casa de banho	a casa de banho	/ɐ ˈka.zɐ dɨ ˈbɐ.ɲu/	/ a ˈkazɐ dʒi ˈbɐɲu /	sf			bathroom	/ˈbæθˌɹum/	/ˈbɑːθrʊm/	n			baño (PT)						salle de bains						Badezimmer						bany						bagno												Português::Curso::A1 Português::Vocabulario::Casa::Casa_de_Banho Português::Vocabulario::Casa::Quartos
quarto	<img src="_bedroom_room.JPG"><img src="_room_quartos.JPG">	quarto	o quarto	/u ˈkwaɾ.tu/	/ u ˈkwaʁtu /	sm			bedroom	/ˈbɛdˌɹum/	/ˈbedrʊm/	n			cuarto						chambre						Schlafzimmer						dormitori						camera da letto												Português::Curso::A1 Português::Vocabulario::Casa::Quartos
garagem	<img src="_garage_garagem.jpg">	garagem	a garagem	/ɐ gɐ.ˈɾa.ʒɐ̃j/	/ a ɡaˈɾaʒẽj̃ /	sf			garage	/ɡə˞ˈɹɑʒ/	/ˈɡærɑːʒ/	n			garaje						garage						Garage						garatge						garage												Português::Curso::A1 Português::Vocabulario::Casa::Quartos
cozinha	<img src="_cozinha_Kitchen_cocina.JPG">	cozinha	a cozinha	/ɐ ku.ˈzi.ɲɐ/	/ a koˈziɲɐ /	sf			kitchen	/ˈkɪtʃən/	/ˈkɪtʃᵊn/	n			cocina						cuisine						Küche						cuina						cucina												Português::Curso::A1 Português::Vocabulario::Casa::Quartos
sala de estar	<img src="_sala_de_estar.JPG">	sala de estar	a sala de estar	/ɐ ˈsa.ɫɐ dɨ ʃ.ˈtaɾ/	/ a ˈsalɐ dʒi isˈtaʁ /	sf			living room	/ˈlɪvɪŋ ˈɹum/	/ˈlɪvɪŋ ˈruːm/	n			salón						salon						Wohnzimmer						sala d'estar						soggiorno												Português::Curso::A1 Português::Vocabulario::Casa Português::Vocabulario::Casa::Quartos Português::Vocabulario::Casa::Sala_de_estar
sala de jantar	<img src="EN_dining_room.jpg">	sala de jantar	a sala de jantar	/ɐ ˈsa.ɫɐ dɨ ʒɐ̃.ˈtaɾ/	/ a ˈsalɐ dʒi ʒɐ̃ˈtaʁ /	sf			dining room	/ˈdaɪnɪŋ ˈɹum/	/ˈdaɪnɪŋ ˈruːm/	n			comedor						salle à manger						Esszimmer						menjador						sala da pranzo												Português::Curso::A1 Português::Vocabulario::Casa::Quartos Português::Vocabulario::Casa::Sala_de_jantar
telhado	<img src="_telhado_tejado_roof.JPG">	telhado	o telhado	/u tɨ.ˈʎa.du/	/ u teˈʎadu /	sm	Cobertura&nbsp;superior&nbsp;e&nbsp;externa&nbsp;dos&nbsp;edifícios.&nbsp; Conjunto&nbsp;das&nbsp;telhas&nbsp;que&nbsp;cobrem&nbsp;uma&nbsp;casa.		roof	/ˈɹuf/	/ˈruːf/	n			tejado						toit						Dach						sostre						tetto												Português::Curso::A1 Português::Vocabulario::Casa
divisão (casa)	<img src="_room_quartos.JPG">	divisão	a divisão	/ɐ dɨ.vi.ˈzɐ̃w/	/ a dʒiviˈzɐ̃w̃ /	sf			division	/dəˈvɪʒən/	/dɪˈvɪʒᵊn/	n			división						division						Abteilung						divisió						divisione												Português::Curso::A1 Português::Vocabulario::Casa::Quartos
kitchenette (PT)	<img src="_kitchenette_open_kitchen_cocina_abierta.JPG">	kitchenette (cozinha aberta)	a kitchenette (cozinha aberta)	/ɐ kit.ʃɨ.ˈnet.tɨ/ /ku.ˈzi.ɲɐ ɐ.ˈbeɾ.tɐ/	/ a itʃeˈnɛttʃi | koˈziɲɐ aˈbɛʁtɐ | /	sf			kitchenette (PT)	/ˌkɪtʃəˈnɛt/	/ˌkɪtʃɪˈnet/	n			cocina americana (PT)						kitchenette						Küchenzeile						cuina americana						cucina												Português::Curso::A1 Português::Vocabulario::Casa::Cozinha Português::Vocabulario::Casa::Quartos
quintal (PT)	<img src="_quintal.JPG">	quintal	o quintal	/u kĩ.ˈtaɫ/	/ u kĩˈtaw /	sm	Terreno, ger. com jardim ou horta, atrás de uma casa de moradia ou junto a ela. Pátio (BR).		backyard	/ˈbækˈjɑrd/	/ˌbækˈjɑːd/	n			patio						cour						Hinterhof						pati						cortile												Português::Curso::A1 Português::Vocabulario::Casa::Quartos
terraço	<img src="_terraço_terraza.JPG">	terraço	o terraço	/u tɨ.ˈʁa.su/	/ u teˈʁasu /	sm			terrace	/ˈtɛrəs/	/ˈterəs/	n			terraza						terrasse						Terrasse						terrassa						terrazzo												Português::Curso::A1 Português::Vocabulario::Casa Português::Vocabulario::Casa::Quartos Português::Vocabulario::Especial::Falso_Amigo
marquise	<img src="marquise_terraza cerrada.jpg">	marquise	a marquise	/ɐ maɾ.ˈki.zɨ/	/ a maʁˈkizi /	sf			closed terrace	/ˈɔnɪŋ/	/ˈɔːnɪŋ/	n			terraza cerrada						terrasse fermée																														Português::Curso::A1 Português::Vocabulario::Casa::Quartos
sala	<img src="_sala_de_estar.JPG">	sala	a sala	/ɐ ˈsa.ɫɐ/	/ a ˈsalɐ /	sf			room	/ˈɹum/	/ˈruːm/	n			sala						salle						Zimmer						sala						sala												Português::Curso::A1 Português::Vocabulario::Casa::Quartos Português::Vocabulario::Casa::Sala_de_estar
escritório	<img src="_escritorio_office_oficina.JPG">	escritório	o escritório	/u ʃ.kɾi.ˈtɔ.ɾi.u/	/ u iskɾiˈtɔɾiu /	sm			office	/ˈɑfəs/	/ˈɒfɪs/	n			oficina						bureau						Büro						oficina						ufficio												Português::Curso::A1 Português::Vocabulario::Casa::Quartos Português::Vocabulario::Especial::Falso_Amigo Português::Vocabulario::Trabalho
sotão	<img src="_sotao_buhardilla.JPG">	sotão	o sotão	/u su.ˈtɐ̃w/	/ u soˈtɐ̃w̃ /	sm			attic	/ˈætɪk/	/ˈætɪk/	n			buhardilla						grenier						Dachboden						golfes						soffitta												Português::Curso::A1 Português::Vocabulario::Casa::Quartos Português::Vocabulario::Especial::Falso_Amigo
cave (andar,PT)	<img src="_cave_sótano.JPG">	cave	a cave	/ɐ ˈka.vɨ/	/ a ˈkavi /	sf			basement apartment (PT)			n			apartamento en sótano (PT)						cave						Keller						soterrani						cantina												Português::Curso::A1 Português::Vocabulario::Casa
chão	<img src="_chao_piso_floor.JPG">	chão	o chão	/u ˈʃɐ̃w/	/ u ˈʃɐ̃w̃ /	sm			floor	/ˈflɔr/	/ˈflɔː/	n			suelo						sol						Boden						terra						pavimento												Português::Curso::A1 Português::Vocabulario::Casa
teto	<img src="_teto_ceiling.JPG">	teto	o teto	/u ˈte.tu/	/ u ˈtɛtu /	sm			ceiling	/ˈsilɪŋ/	/ˈsiːlɪŋ/	n			techo						plafond						Decke						sostre						soffitto												Português::Curso::A1 Português::Vocabulario::Casa
paredes	<img src="_parede_wall.JPG">	paredes	as paredes	/ɐʃ pɐ.ˈɾe.dɨʃ/	/ aʃ paˈɾɛdes /	sf			wall	/ˈwɔl/	/ˈwɔːl/	n			paredes						mur						Wand						paret						parete												Português::Curso::A1 Português::Vocabulario::Casa
casa	<img src="_casa.JPG">	casa	a casa	/ɐ ˈka.zɐ/	/ a ˈkazɐ /	sf			house	/ˈhaʊs/	/ˈhaʊs/	n			casa						maison						Haus						casa						casa												Português::Curso::A1 Português::Vocabulario::Casa
cidade	<img src="_cidade_ciudad_Lisboa.JPG">	cidade	a cidade	/ɐ si.ˈda.dɨ/	/ a siˈdadʒi /	sf			city	/ˈsɪti/	/ˈsɪti/	n			ciudad						ville						Stadt						ciutat						città												Português::Curso::A1 Português::Vocabulario::Casa Português::Vocabulario::Cidade
edifícios	<img src="_edificios-156574f18f5b1900c061bd03837240513cd9ca1b.jpg">	edifícios	os edifícios	/uz i.dɨ.ˈfi.sɨ.uʃ/	/ uz idʒiˈfisius /	smp			buildings	/ˈbɪldɪŋz/	/ˈbɪldɪŋz/	npl			edificios						bâtiments						Gebäude						edificis						edifici												Português::Curso::A1 Português::Vocabulario::Casa Português::Vocabulario::Cidade
vizinhos	<img src="_vizinhos_neighbors_vecinos_rec.jpg">	vizinhos	os vizinhos	/uʒ vɨ.ˈzi.ɲuʃ/	/ uʒ viˈziɲus /	smp			neighbors	/ˈneɪbə˞z/	/ˈneɪbəz/	npl			vecinos						voisins						Nachbarn						veïns						vicini												Português::Curso::A1 Português::Vocabulario::Casa Português::Vocabulario::Cidade Português::Vocabulario::Pessoas::Relações_entre_as_pessoas
rés-do-chão	<img src="rés-do-chão.jpeg">	res do chão	o rés-do-chão	/u ˈʁɛʒ-du-ˈʃɐ̃w/	/ u ˈʁɛsduʃɐ̃w̃ /	sm			ground floor	/ˈɡɹaʊnd ˈflɔr/	/ˈɡraʊnd ˈflɔː/	n			planta baja						rez-de-chaussée						Erdgeschoss						planta baixa						pianterreno												Português::Curso::A1 Português::Vocabulario::Casa
apartamento	<img src="_apartamento.JPG">	apartamento	o apartamento	/u ɐ.paɾ.tɐ.ˈmẽ.tu/	/ u apaʁtɐˈmẽtu /	sm			apartment	/əˈpɑrtmənt/	/əˈpɑːtmənt/	n			apartamento						appartement						Wohnung						apartament						appartamento												Português::Curso::A1 Português::Vocabulario::Casa Português::Vocabulario::Cidade
banheira	<img src="_banheira.JPG">	banheira	a banheira	/ɐ bɐ.ˈɲɐj.ɾɐ/	/ a bɐˈɲejɾɐ /	sf			bathtub	/ˈbæθˌtəb/	/ˈbɑːθtʌb/	n			bañera						baignoire						Badewanne						banyera						vasca da bagno												Português::Curso::A1 Português::Vocabulario::Casa::Casa_de_Banho
torneira	<img src="_faucet_tap.jpg">	torneira	a torneira	/ɐ tuɾ.ˈnɐj.ɾɐ/	/ a toʁˈnejɾɐ /	sf			tap	/ˈtæp/	/ˈtæp/	n			grifo						robinet						Hahn						robinet						rubinetto												Português::Curso::A1 Português::Vocabulario::Casa::Casa_de_Banho Português::Vocabulario::Casa::Cozinha
espelho	<img src="_mirror.jpg">	espelho	o espelho	/u ʃ.ˈpɐ.ʎu/	/ u isˈpeʎu /	sm			mirror	/ˈmɪrə˞/	/ˈmɪrə/	n			espejo						miroir						Spiegel						mirall						specchio												Português::Curso::A1 Português::Vocabulario::Casa::Casa_de_Banho Português::Vocabulario::Pessoas::Cuidado_Pessoal
sanita	<img src="_bathroom.JPG">	sanita	a sanita	/ɐ sɐ.ˈni.tɐ/	/ a sɐˈnitɐ /	sf			toilet	/ˈtɔɪlət/	/ˈtɔɪlət/	n			inodoro						WC						Toilette						banyera						vaso												Português::Curso::A1 Português::Vocabulario::Casa::Casa_de_Banho
lavatório	<img src="_lavatorio.JPG">	lavatório	o lavatório	/u ɫɐ.vɐ.ˈtɔ.ɾi.u/	/ u lavaˈtɔɾiu /	sm			washbasin	/ˈwɔʃˌbeɪsn̩/	/ˈwɒʃˌbeɪsᵊn/	n			lavabo						lavabo						Waschbecken						llavador						lavabo												Português::Curso::A1 Português::Vocabulario::Casa::Casa_de_Banho
chuveiro	<img src="_chuveiro.JPG">	chuveiro	o chuveiro	/u ʃu.ˈvɐj.ɾu/	/ u ʃuˈvejɾu /	sm			shower	/ˈʃaʊə˞/	/ˈʃaʊə/	n			ducha						douche						Dusche						dutxa						doccia												Português::Curso::A1 Português::Vocabulario::Casa::Casa_de_Banho
pasta de dentes	<img src="_pasta_dentes.JPG">	pasta de dentes	a pasta de dentes	/ɐ ˈpaʃ.tɐ dɨ ˈdẽ.tɨʃ/	/ a ˈpastɐ dʒi ˈdẽtes /	sf			toothpaste	/ˈtuθˌpeɪst/	/ˈtuːθpeɪst/	n			pasta de dientes						dentifrice						Zahnpasta						pasta de dents						dentifricio												Português::Curso::A1 Português::Vocabulario::Casa::Casa_de_Banho Português::Vocabulario::Pessoas::Cuidado_Pessoal
escova de dentes	<img src="_cepillo_dientes.JPG">	escova de dentes	a escova de dentes	/ɐ ʃ.ˈko.vɐ dɨ ˈdẽ.tɨʃ/	/ a isˈkɔvɐ dʒi ˈdẽtes /	sf			toothbrush	/ˈtuθˌbɹəʃ/	/ˈtuːθbrʌʃ/	n			cepillo de dientes						brosse à dents						Zahnbürste						raspall de dents						spazzolino da denti												Português::Curso::A1 Português::Vocabulario::Casa::Casa_de_Banho Português::Vocabulario::Pessoas::Cuidado_Pessoal
gel de banho	<img src="_gel_de_bano.JPG">	gel de banho	o gel de banho	/u ˈʒɛɫ dɨ ˈbɐ.ɲu/	/ u ˈʒɛw dʒi ˈbɐɲu /	sm			shower gel	/ˈʃaʊə˞ ˈdʒɛl/	/ˈʃaʊə ˈdʒel/	n			gel de ducha						gel douche						Duschgel						gel de dutxa						gel doccia												Português::Curso::A1 Português::Vocabulario::Casa::Casa_de_Banho Português::Vocabulario::Pessoas::Cuidado_Pessoal::Corpo
papel higiénico	<img src="_papel_higienico.JPG">	papel higiénico	o papel higiénico	/u pɐ.ˈpɛɫ .ʒi.ˈɛ.ni.ku/	/ u paˈpɛw iʒiˈɛniku /	sm			toilet paper	/ˈtɔɪlət ˈpeɪpə˞/	/ˈtɔɪlət ˈpeɪpə/	n			papel higiénico						papier toilette						Klopapier						paper higiènic						carta igienica												Português::Curso::A1 Português::Vocabulario::Casa::Casa_de_Banho
sabonete	<img src="_sabonete.JPG">	sabonete	o sabonete	/u sɐ.bu.ˈne.tɨ/	/ u saboˈnɛtʃi /	sm			soap	/ˈsoʊp/	/ˈsəʊp/	n			jabón						savon						Seife						sabó						sapone												Português::Curso::A1 Português::Vocabulario::Casa::Casa_de_Banho Português::Vocabulario::Pessoas::Cuidado_Pessoal
desodorizante	<img src="_desodorizante.JPG">	desodorizante	o desodorizante	/u dɨ.zu.du.ɾi.ˈzɐ̃.tɨ/	/ u dezodoɾiˈzɐ̃tʃi /	sm			deodorant	/diˈoʊdə˞ɹənt/	/diˈəʊdᵊrᵊnt/	n			desodorante						déodorant						Deodorant						desodorant						desodorante												Português::Curso::A1 Português::Vocabulario::Casa::Casa_de_Banho Português::Vocabulario::Pessoas::Cuidado_Pessoal
condicionador	<img src="_condicionador.JPG">	condicionador	o condicionador	/u kõ.dɨ.si.u.nɐ.ˈdoɾ/	/ u kõdʒisionaˈdoʁ /	sm			conditioner	/kənˈdɪʃənə˞/	/kənˈdɪʃᵊnə/	n			acondicionador						après-shampooing						Conditioner						acondicionador						balsamo												Português::Curso::A1 Português::Vocabulario::Casa::Casa_de_Banho Português::Vocabulario::Pessoas::Cuidado_Pessoal::Cabelo
champô	<img src="_shampoo.JPG">	champô	o champô	/u ʃɐ̃.ˈpo/	/ u ʃɐ̃ˈpo /	sm			shampoo	/ʃæmˈpu/	/ʃæmˈpuː/	n			champú						shampoing						Shampoo						xampú						shampoo												Português::Curso::A1 Português::Vocabulario::Casa::Casa_de_Banho Português::Vocabulario::Pessoas::Cuidado_Pessoal::Cabelo
esponja de banho	<img src="_esponja.JPG">	esponja de banho	a esponja de banho	/ɐ ʃ.ˈpõ.ʒɐ dɨ ˈbɐ.ɲu/	/ a isˈpõʒɐ dʒi ˈbɐɲu /	sf			bath sponge	/ˈbæθ ˈspəndʒ/	/ˈbɑːθ ˈspʌndʒ/	n			esponja de baño						éponge de bain						Badeschwamm						esponja de bany						spugna da bagno												Português::Curso::A1 Português::Vocabulario::Casa::Casa_de_Banho Português::Vocabulario::Pessoas::Cuidado_Pessoal
escova	<img src="_cepillo.JPG">	escova	a escova	/ɐ ʃ.ˈko.vɐ/	/ a isˈkɔvɐ /	sf			brush	/ˈbɹəʃ/	/ˈbrʌʃ/	n			cepillo						brosse						Bürste						raspall						spazzola												Português::Curso::A1 Português::Vocabulario::Casa::Casa_de_Banho Português::Vocabulario::Especial::Falso_Amigo Português::Vocabulario::Pessoas::Cuidado_Pessoal
perfume	<img src="_perfume.JPG">	perfume	o perfume	/u pɨɾ.ˈfu.mɨ/	/ u peʁˈfumi /	sm			perfume	/ˈpɜ˞ˌfjum/	/ˈpɜːfjuːm/	n			perfume						parfum						Parfüm						perfum						profumo												Português::Curso::A1 Português::Vocabulario::Casa::Casa_de_Banho Português::Vocabulario::Pessoas::Cuidado_Pessoal
mesas de cabeceira	<img src="_mesa_cabeceira.JPG">	mesas de cabeceira	as mesas de cabeceira	/ˈmɛ.zɐʒ ðɨ ka.bɨ.ˈsej.ɾɐ/	/ aʒ ˈmɛzas dʒi kabeˈsejɾɐ /	sfp	<i>criado mudo</i>		bedside tables	/ˈbɛdˌsaɪd ˈteɪbəlz/	/ˈbedsaɪd ˈteɪbᵊlz/	npl			mesitas de noche						tables de chevet						Nachttische						tauletes de nit						comodini												Português::Curso::A1 Português::Vocabulario::Casa::Quarto_de_Dormir
roupeiro	<img src="_roupeiro.JPG">	roupeiro	o roupeiro	/ʁu.ˈpɐj.ɾu/	/ u ʁoˈpejɾu /	sm			wardrobe	/ˈwɔrˌdɹoʊb/	/ˈwɔːdrəʊb/	n			armario (de ropa)						armoire						Kleiderschrank						armari						armadio												Português::Curso::A1 Português::Vocabulario::Casa::Móveis Português::Vocabulario::Casa::Quarto_de_Dormir
creme (pele)	<img src="_creme (corpo).JPG">	creme	o creme	/u ˈkɾe.mɨ/	/ u ˈkɾɛmi /	sm			cream	/ˈkɹim/	/ˈkriːm/	n			crema						créme						Creme						crema						crema												Português::Curso::A1 Português::Vocabulario::Casa::Casa_de_Banho Português::Vocabulario::Pessoas::Cuidado_Pessoal::Corpo
mopa	<img src="_mopa.JPG">	mopa	a mopa	/ɐ ˈmɔpɐ/	/a ˈmɔpɐ/	sf			mop	/ˈmɑp/	/ˈmɒp/	n			trapeador	/tɾapeaˈðoɾ/	/tɾapeaˈðoɾ/				serpillière		/sɛʁpijɛʁ/				Wischmopp						fregall						mocho												Português::Curso::A1 Português::Vocabulario::Casa::Tarefas_domésticas::Produtos_Limpeza
aspirador (de pó)	<img src="_aspirador_vacuum_cleaner.jpg">	aspirador (de pó)	o aspirador (de pó)	/u ɐʃpiɾɐˈdoɾ  dɨ ˈpɔ /	/u aspiɾaˈdoʁ  dʒi ˈpɔ /	sm			vacuum cleaner	/ˈvæˌkjum ˈklinə˞/	/ˈvækjuːm ˈkliːnə/	n			aspiradora	/aspiɾaˈðoɾa/	/aspiɾaˈðoɾa/				aspirateur		/aspiʁatœʁ/				Staubsauger						aspiradora						aspirapolvere												Português::Curso::A1 Português::Vocabulario::Casa::Eletrodomésticos Português::Vocabulario::Casa::Tarefas_domésticas
pano (limp)	<img src="_pano_trapo.JPG">	pano	o pano	/u ˈpɐnu/	/u ˈpɐnu/	sm			cloth	/ˈklɔθ/	/ˈklɒθ/	n			trapo	/ˈtɾapo/	/ˈtɾapo/				chiffon		/ʃifɔ̃/				Tuch						drap						drappo												Português::Curso::A1 Português::Vocabulario::Casa::Casa_de_Banho Português::Vocabulario::Casa::Tarefas_domésticas::Produtos_Limpeza
pregadores	<img src="_pregadores_pinzas.JPG">	pregadores	os pregadores	/uʃ pɾɨɡɐˈdɔɾɨʃ/	/uʃ pɾeɡaˈdɔɾes/	smp			clothes pegs	/ˈkloʊz ˈpɛɡz/	/ˈkləʊðz ˈpeɡz/	npl			pinzas (para la ropa)	/ˈpinθas ˈpaɾa la ˈropa/	/ˈpinsas ˈpaɾa la ˈropa/				pinces à linge		/pɛ̃s‿ a lɛ̃ʒ/				Wäscheklammern						pinces per la roba						mollettone												Português::Curso::A1 Português::Vocabulario::Casa::Tarefas_domésticas Português::Vocabulario::Pessoas::Roupa::Detalhes
varal	<img src="_varal.JPG">	varal	o varal	/u vɐˈɾaɫ/	/u vaˈɾaw/	sm			clothesline	/ˈkloʊzˌlaɪn/	/ˈkləʊðzlaɪn/	n			tendedero	/tendeˈðeɾo/	/tendeˈðeɾo/				corde à linge		/kɔʁd‿ a lɛ̃ʒ/				Wäscheleine						estenedor						stendibiancheria												Português::Curso::A1 Português::Vocabulario::Casa Português::Vocabulario::Casa::Tarefas_domésticas::Roupa
roupa suja	<img src="_ropa_suja-9185f00253fbf65d7498b31f344274c6923ac222.jpg">	roupa suja	a roupa suja	/ɐ ˈʁopɐ ˈsuʒɐ/	/a ˈʁopɐ ˈsuʒɐ/	sf			dirty laundry	/ˈdɜ˞ti ˈlɔndɹi/	/ˈdɜːti ˈlɔːndri/	n			ropa sucia	/ˈropa ˈsuθja/	/ˈropa ˈsusja/				linge sale		/lɛ̃ʒ sal/				schmutzige Wäsche						roba bruta						biancheria sporca												Português::Curso::A1 Português::Vocabulario::Casa::Tarefas_domésticas Português::Vocabulario::Casa::Tarefas_domésticas::Roupa Português::Vocabulario::Pessoas::Roupa::Detalhes
móveis	<img src="_móveis_02.JPG">	móveis	os móveis	/uʒ ˈmɔvɐjʃ/	/uʒ ˈmɔvejs/	smp			furniture	/ˈfɜ˞nɪtʃə˞/	/ˈfɜːnɪtʃə/	npl			muebles	/ˈmweβles/	/ˈmweβles/				meubles		/mœbl/				Möbel						mobles						mobili												Português::Curso::A1 Português::Vocabulario::Casa::Móveis
varrer	<img src="Levi_barriendo.gif">	varrer	varrer	/vɐˈʁeɾ/	/vaˈʁeʁ/	v			sweep	/ˈswip/	/ˈswiːp/	v			barrer	/baˈreɾ/	/baˈreɾ/				balayer		/balɛje/				fegen						escombrar						spazzare												Português::Curso::A1 Português::Vocabulario::Casa::Tarefas_domésticas
lavar a roupa	<img src="_lava_roupas.JPG">	lavar a roupa	lavar a roupa	/lɐˈvaɾ ɐ ˈʁopɐ/	/laˈvaʁ a ˈʁopɐ/	exp			do the laundry	/ˈdu ðə ˈlɔndɹi/	/ˈduː ðə ˈlɔːndri/	exp			lavar la ropa	/laˈβaɾ la ˈropa/	/laˈβaɾ la ˈropa/				faire la lessive		/fɛʁ la lesiv/				Wäsche waschen						rentar la roba						fare il bucato												Português::Curso::A1 Português::Vocabulario::Casa Português::Vocabulario::Casa::Tarefas_domésticas Português::Vocabulario::Pessoas::Roupa
estender a roupa	<img src="_estender_a_roupa.JPG">	estender a roupa	estender a roupa	/ʃtẽˈdeɾ ɐ ˈʁopɐ/	/istẽˈdeʁ a ˈʁopɐ/	exp			hang the clothes	/ˈhæŋ ðə ˈkloʊz/	/ˈhæŋ ðə ˈkləʊðz/	exp			tender la ropa	/tenˈdeɾ la ˈropa/	/tenˈdeɾ la ˈropa/				étendre le linge		/etɑ̃dʁə lə lɛ̃ʒ/				Wäsche aufhängen						estendre la roba						stendere i panni												Português::Curso::A1 Português::Vocabulario::Casa::Tarefas_domésticas Português::Vocabulario::Casa::Tarefas_domésticas::Roupa
o banheiro(BR)	<img src="EN_bathroom.jpg">	banheiro	o banheiro	/u bɐˈɲɐjɾu/	/u bɐˈɲejɾu/	sm			bathroom (BR)	/ˈbæθˌɹum/	/ˈbɑːθrʊm/				baño (BR)	/ˈbaɲo/	/ˈbaɲo/				salle de bain (BR)		/sal də bɛ̃/				Badezimmer (BR)						bany (BR)						bagno (BR)												Português::Brasil Português::Curso::A1 Português::Vocabulario::Casa
secar-se	<img src="_secar-se.JPG">	secar-se	secar-se	/sɨˈkaɾsɨ/	/seˈkaʁsi/	v			dry oneself	/ˈdɹaɪ ˌwənˈsɛlf/	/ˈdraɪ ˌwʌnˈself/				secarsé	/sekaɾˈse/	/sekaɾˈse/				se sécher		/sə seʃe/				sich abtrocknen						assecar-se						asciugarsi												Português::Curso::A1 Português::Vocabulario::Casa::Casa_de_Banho Português::Vocabulario::Pessoas::Cuidado_Pessoal
pôr a mesa	<img src="_por_a_mesa.jpg">	pôr a mesa	pôr a mesa	/ˈpoɾ ɐ ˈmɛzɐ/	/ˈpoʁ a ˈmɛzɐ/	exp			set the table	/ˈsɛt ðə ˈteɪbəl/	/ˈset ðə ˈteɪbᵊl/	exp			poner la mesa	/poˈneɾ la ˈmesa/	/poˈneɾ la ˈmesa/				mettre la table		/mɛtʁə la tabl/				den Tisch decken						parar taula						apparecchiare la tavola												Português::Curso::A1 Português::Vocabulario::Casa::Tarefas_domésticas Português::Vocabulario::Refeições
frigideira	<img src="_frigideira_sartén.JPG">	frigideira	a frigideira	/ɐ fɾiʒiˈdɐjɾɐ/	/a fɾiʒiˈdejɾɐ/	sf			frying pan	/ˈfɹaɪɪŋ ˈpæn/	/ˈfraɪɪŋ ˈpæn/	n			sartén	/saɾˈten/	/saɾˈten/				poêle à frire		/pwal‿ a fʁiʁ/				Bratpfanne						paella						padella												Português::Curso::A1 Português::Vocabulario::Casa::Cozinha::Utensílios Português::Vocabulario::Casa::Cozinha::Utensílios::Panelas
xícara (BR)	<img src="_xicara_taza_cup.JPG">	xícara	a xícara	/ɐ ˈʃikɐɾɐ/	/a ˈʃikaɾɐ/	sf			cup (BR)	/ˈkəp/	/ˈkʌp/	n			taza (BR)						tasse (BR)						Tasse (BR)						tassa (BR)						tazza (BR)												Português::Brasil Português::Curso::A1 Português::Vocabulario::Alimentos::Louça Português::Vocabulario::Actividades::No_Restaurante Português::Vocabulario::Casa::Cozinha::Utensílios
passar a ferro	<img src="_passar_a_ferro.JPG">	passar a ferro	passar a ferro	/pɐˈsaɾ ɐ ˈfɛʁu/	/paˈsaʁ a ˈfɛʁu/	v			to iron (clothing)	/ tu ˈaɪə˞n | ˈkloʊðɪŋ /	/ tu ˈaɪən | ˈkləʊðɪŋ /	v			planchar						repasser						bügeln						planxar						stirare												Português::Curso::A1 Português::Vocabulario::Casa::Tarefas_domésticas Português::Vocabulario::Casa::Tarefas_domésticas::Roupa
ferro (de passar roupa)	<img src="_ferro_plancha.JPG">	ferro (de passar roupa)	o ferro (de passar roupa)	/u ˈfɛʁu | dɨ pɐˈsaɾ ˈʁopɐ |/	/u ˈfɛʁu | dʒi paˈsaʁ ˈʁopɐ |/	sm			iron	/ˈaɪə˞n /	/ˈaɪən/	n			plancha de ropa						fer à repasser						Bügeleisen						ferro de planxar						ferro da stiro												Português::Curso::A1 Português::Vocabulario::Casa::Eletrodomésticos Português::Vocabulario::Casa::Tarefas_domésticas Português::Vocabulario::Casa::Tarefas_domésticas::Roupa
senhorio,a (predio)	<img src="_senhorio_arrendatario.JPG">	senhorio senhoria	o senhorio, a senhoria			sm, sf									arrendatario, a																																				Português::Curso::A1 Português::Vocabulario::Casa Português::Vocabulario::Cidade Português::Vocabulario::Pessoas::Relações_entre_as_pessoas
lençol, lençóis (cama)	<img src="_lençol_sabana_bedsheet.JPG">	lençol, lençóis	o lençol, os lençóis			sm, smp			bedsheet						sábana, sábanas																																				Português::Curso::A1 Português::Vocabulario::Casa Português::Vocabulario::Casa::Quarto_de_Dormir Português::Vocabulario::Casa::Tarefas_domésticas::Roupa_de_cama
almofada	<img src="_almofada_almohada.JPG">	almofada	a almofada			sf			pillow, cushion						almohada, cojín																																				Português::Curso::A1 Português::Vocabulario::Casa Português::Vocabulario::Casa::Quarto_de_Dormir Português::Vocabulario::Casa::Tarefas_domésticas::Roupa_de_cama
candeeiro (quarto)	<img src="_candeeiro_casa.JPG">	candeeiro	o candeeiro			sm			lamp						lámpara																																				Português::Curso::A1 Português::Vocabulario::Casa Português::Vocabulario::Casa::Quarto_de_Dormir Português::Vocabulario::Casa::Quartos
lâmpada	<img src="_lampada_bombilla_lightbulb.JPG">	lâmpada	a lâmpada			sf			light bulb						bombilla, foco (mx)																																				Português::Curso::A1 Português::Vocabulario::Casa Português::Vocabulario::Especial::Falso_Amigo