arranjar-se	arranjar-se	arranjar-se	arreglarse	/a.ʁɐ̃.ˈʒaɾ-sɨ/	/ɐ.ʁɐ.ˈɲaʁ sɨ/	v pron	vestir-se bem	get ready	/ɡɛt ˈrɛdi/	/ɡɛt ˈrɛdi/	v			arreglarse			v				se préparer			v		sich bereit machen					arreglar-se					prepararsi										Português::Curso::A1 Português::Vocabulario::Pessoas::Tempo_livre Português::Vocabulario::Tipo_Palavra::Verbos
combinar com amigos ou família	combinar com amigos ou família	combinar com amigos ou família	quedar con amigos o familia	/kõ.bi.ˈnaɾ kõ ɐ.ˈmi.guz ˈo fɐ.ˈmi.ɫɨ.ɐ/		v		meet up with friends or family			v			quedar con amigos o familia			v				retrouver des amis ou de la famille			v		sich mit Freunden oder Familie treffen					quedar amb amics o família					incontrarsi con amici o famiglia										Português::Curso::A1 Português::Vocabulario::Pessoas::Tempo_livre Português::Vocabulario::Tipo_Palavra::Verbos
convidar	convidar	convidar	invitar	/kõ.vi.ˈdaɾ/	/kõ.vi.ˈdaʁ/	v		invite	/ɪnˈvaɪt/	/ɪnˈvaɪt/	v			invitar			v				inviter			v		einladen					convidar					invitare										Português::Curso::A1 Português::Vocabulario::Pessoas::Tempo_livre Português::Vocabulario::Tipo_Palavra::Verbos
dançar	dançar	dançar	bailar	/dɐ̃.ˈsaɾ/	/dɐ̃.ˈsaʁ/	v		to dance			v			bailar			v				danser			v		tanzen					ballar					ballare										Português::Curso::A1 Português::Vocabulario::Pessoas::Tempo_livre Português::Vocabulario::Tipo_Palavra::Verbos
correr	correr	correr	correr	/ku.ˈʁeɾ/	/ko.ˈɾeχ/	v		to run			v			correr			v							v		rennen					córrer					correre										Português::Curso::A1 Português::Vocabulario::Pessoas::Tempo_livre Português::Vocabulario::Tipo_Palavra::Verbos
andar de bicicleta	andar de bicicleta	andar de bicicleta	andar en bicicleta	/ɐ̃.ˈdaɾ dɨ bɨ.si.ˈkɫe.tɐ/	/ˈɐ̃.daʁ dʒi bi.si.ˈkle.tɐ/	v		to ride a bike			v			andar en bicicleta			v				faire du vélo			v		Fahrrad fahren					anar en bicicleta					andare in bicicletta										Português::Curso::A1 Português::Vocabulario::Pessoas::Tempo_livre Português::Vocabulario::Tipo_Palavra::Verbos
viajar	viajar	viajar	viajar	/vi.ɐ.ˈʒaɾ/	/vi.ɐ.ˈʒaʁ/	v		to travel			v			viajar			v				voyager			v		reisen					viatjar					viaggiare										Português::Curso::A1 Português::Vocabulario::Pessoas::Tempo_livre Português::Vocabulario::Tipo_Palavra::Verbos
tocar piano	tocar piano	tocar piano	tocar el piano	/tu.ˈkaɾ pi.ˈɐ.nu/	/to.ˈkaʁ pi.ˈɐ.nu/	v		to play the piano			v			tocar el piano			v				jouer du piano			v		Klavier spielen					tocar el piano					suonare il piano										Português::Curso::A1 Português::Vocabulario::Pessoas::Tempo_livre Português::Vocabulario::Tipo_Palavra::Verbos
tratar de	tratar de ....	tratar de ....	cuidar	/tɾɐ.ˈtaɾ dɨ/	/tɾɐ.ˈtaʁ/	v	Means to care for:    tratar do jardim, tratar meu pai.	take care			v			cuidar			v				traiter			v		behandeln					tractar					trattare										Português::Curso::A1 Português::Vocabulario::Pessoas::Tempo_livre Português::Vocabulario::Tipo_Palavra::Verbos
fazer caminhadas	fazer caminhadas	fazer caminhadas	hacer caminatas	/fɐ.ˈzeɾ kɐ.mi.ˈɲa.dɐʃ/	/ˈfa.ziɾ ˌka.mi.ˈɲa.dɐs/	v		to go for walks			v			hacer caminatas			v				faire de la randonnée			v		wandern					fer caminades					fare escursioni										Português::Curso::A1 Português::Vocabulario::Pessoas::Tempo_livre Português::Vocabulario::Tipo_Palavra::Verbos
fazer trilhas	fazer trilhas	fazer trilhas	hacer senderismo	/fɐ.ˈzeɾ ˈtɾi.ʎɐʃ/	/ˈfa.ziɾ ˈtɾi.ʎɐs/	v		to hike			v			hacer senderismo			v				faire de la randonnée			v		wandern					fer sendes					fare sentieri										Português::Curso::A1 Português::Vocabulario::Pessoas::Tempo_livre Português::Vocabulario::Tipo_Palavra::Verbos
fazer exercício	fazer exercício	fazer exercício	hacer ejercicio	/fɐ.ˈzeɾ .ʃɨɾ.ˈsi.sɨ.u/	/ˈfa.ziɾ iɡ.zɛɾ.ˈsi.si.o/	v		to exercise			v			hacer ejercicio			v				faire de l&amp;#x27;exercice			v		trainieren					fer exercici					fare esercizio										Português::Curso::A1 Português::Vocabulario::Pessoas::Tempo_livre Português::Vocabulario::Tipo_Palavra::Verbos
jogar futebol	jogar futebol	jogar futebol	jugar al fútbol	/ʒu.ˈgaɾ fu.tɨ.ˈbɔɫ/	/ʒo.ˈɡaʁ fu.ˈtɛ.bol/	v		to play football			v			jugar al fútbol			v				jouer au football			v		Fußball spielen					jugar a futbol					giocare a calcio										Português::Curso::A1 Português::Vocabulario::Pessoas::Tempo_livre Português::Vocabulario::Tipo_Palavra::Verbos
pintar	pintar	pintar	pintar	/pĩ.ˈtaɾ/	/ˈpĩ.taʁ/	v		to paint			v			pintar			v				peindre			v		malen					pintar					dipingere										Português::Curso::A1 Português::Vocabulario::Pessoas::Tempo_livre Português::Vocabulario::Tipo_Palavra::Verbos
ir ao cinema	ir ao cinema	ir ao cinema	ir al cine	/ˈiɾ ˈa.u si.ˈne.mɐ/	/iχ aw ˈsi.ɱ/	v		to go to the cinema			v			ir al cine			v				aller au cinéma			v		ins Kino gehen					anar al cinema					andare al cinema										Português::Curso::A1 Português::Vocabulario::Pessoas::Tempo_livre Português::Vocabulario::Tipo_Palavra::Verbos
ver televisão	ver televisão	ver televisão	ver la televisión	/ˈveɾ tɨ.ɫɨ.vi.ˈzɐ̃w/	/veɾ te.le.vi.zɐ̃w̃/	v		to watch TV			v			ver la televisión			v				regarder la télévision			v		fernsehen					veure la televisió					guardare la televisione										Português::Curso::A1 Português::Vocabulario::Pessoas::Tempo_livre Português::Vocabulario::Tipo_Palavra::Verbos
cantar	cantar	cantar	cantar	/kɐ̃.ˈtaɾ/	/kɐ̃ˈtaʁ/	v		to sing			v			cantar			v				chanter			v		singen					cantar					cantare										Português::Curso::A1 Português::Vocabulario::Pessoas::Tempo_livre Português::Vocabulario::Tipo_Palavra::Verbos
ouvir música	ouvir música	ouvir música	oir música	/o.ˈviɾ ˈmu.zi.kɐ/		v		listen to music			v			oir música			v				écouter			v		hören					escoltar					ascoltare										Português::Curso::A1 Português::Vocabulario::Pessoas::Tempo_livre Português::Vocabulario::Tipo_Palavra::Verbos
fazer compras	fazer compras	fazer compras	ir de compras	/fɐ.ˈzeɾ ˈkõ.pɾɐʃ/		v		shop			v			ir de compras			v				faire des courses					einkaufen					compres					fare la spesa										Português::Curso::A1 Português::Vocabulario::Pessoas::Tempo_livre Português::Vocabulario::Tipo_Palavra::Verbos
ir á praia	ir á praia	ir á praia	ir a la playa	/ˈiɾ ˈa ˈpɾaj.ɐ/		v		go to the beach			v			ir a la playa			v				aller à la plage					an den Strand gehen					anar a la platja					andare in spiaggia										Português::Curso::A1 Português::Vocabulario::Pessoas::Tempo_livre Português::Vocabulario::Tipo_Palavra::Verbos
visitar museus	visitar museus	visitar museus	visitar museos	/vɨ.zi.ˈtaɾ mu.ˈzewʃ/		v		visit museums			v			visitar museos			v				visiter des musées					Museen besuchen					visitar museus					visitare musei										Português::Curso::A1 Português::Vocabulario::Pessoas::Tempo_livre Português::Vocabulario::Tipo_Palavra::Verbos
acampar	acampar	acampar	acampar	/ɐ.kɐ̃.ˈpaɾ/		v		camp			v			acampar			v				camper					zelten					acampar					campeggiare										Português::Curso::A1 Português::Vocabulario::Pessoas::Tempo_livre Português::Vocabulario::Tipo_Palavra::Verbos
cozinhar	cozinhar	cozinhar	cocinar	/ku.zi.ˈɲaɾ/		v		cook			v			cocinar			v				cuisiner					kochen					cuina					cucinare										Português::Curso::A1 Português::Vocabulario::Pessoas::Tempo_livre Português::Vocabulario::Tipo_Palavra::Verbos
assistir a concertos	assistir a concertos	assistir a concertos	asistir a conciertos	/ɐ.sɨʃ.ˈtiɾ ɐ kõ.ˈseɾ.tuʃ/		v		attend concerts			v			asistir a conciertos			v				assister à des concerts					Konzerte besuchen					assistir a concerts					assistere a concerti										Português::Curso::A1 Português::Vocabulario::Pessoas::Tempo_livre Português::Vocabulario::Tipo_Palavra::Verbos
jantar com amigos	jantar com amigos	jantar com amigos	cenar con amigos	/ʒɐ̃.ˈtaɾ kõ ɐ.ˈmi.guʃ/		v		dine with friends			v			cenar con amigos			v				dîner avec des amis					mit Freunden essen					sopar amb amics					cenare con amici										Português::Curso::A1 Português::Vocabulario::Pessoas::Tempo_livre Português::Vocabulario::Tipo_Palavra::Verbos
tirar fotografias	tirar fotografias	tirar fotografias	tomar fotografías	/ti.ˈɾaɾ fu.tu.gɾɐ.ˈfi.ɐʃ/		v		take photos			v			tomar fotografías			v				prendre des photos					Fotos machen					fer fotos					scattare fotografie										Português::Curso::A1 Português::Vocabulario::Pessoas::Tempo_livre Português::Vocabulario::Tipo_Palavra::Verbos
assistir a bailados	assistir a bailados	assistir a bailados	asistir a ballets	/ɐ.sɨʃ.ˈtiɾ ɐ baj.ˈɫa.duʃ/		v		attend ballets			v			asistir a ballets			v				assister à des ballets					Ballette besuchen					assistir a ballets					assistere a balletti										Português::Curso::A1 Português::Vocabulario::Pessoas::Tempo_livre Português::Vocabulario::Tipo_Palavra::Verbos
nadar	nadar	nadar	nadar	/nɐ.ˈdaɾ/		v		swim			v			nadar			v				nager					schwimmen					nadar					nuotare										Português::Curso::A1 Português::Vocabulario::Pessoas::Tempo_livre Português::Vocabulario::Tipo_Palavra::Verbos
andar de barco	andar de barco	andar de barco	pasear en barco	/ɐ̃.ˈdaɾ dɨ ˈbaɾ.ku/		v		go boating			v			pasear en barco			v				faire du bateau					boot fahren					anar en vaixell					andar en barca										Português::Curso::A1 Português::Vocabulario::Pessoas::Tempo_livre Português::Vocabulario::Tipo_Palavra::Verbos
ativo, ativa	ativo, ativa	ativo, ativa	activo, activa	/ɐ.ˈti.vu, ɐ.ˈti.vɐ/	/a'tivu/, /a'tivɐ/	adjm , adjf		active	/'æktɪv/		adj			activo, activa	/ak'tiβo/, /ak'tiβa/		adjm, adjf				actif, active					aktiv					actiu, activa					attivo, attiva										Português::Curso::A1 Português::Vocabulario::Pessoas::Descripçao Português::Vocabulario::Tipo_Palavra::Adjetivos
arrogante	arrogante	arrogante	arrogante	/a.ʁu.ˈgɐ̃.tɨ/	/aʁu'ɡɐt(ɨ)/	adj m/f		arrogant	/ˈærəɡənt/		adj			arrogante	/aro'ɣante/		adj m/f.				arrogant					arrogant					arrogant					arrogante										Português::Curso::A1 Português::Vocabulario::Pessoas::Descripçao Português::Vocabulario::Tipo_Palavra::Adjetivos
careca	careca	careca	calvo	/kɐ.ˈɾe.kɐ/	/ka.ˈɾɛ.ka/	adj m/f		bald			adj			calvo							chauve					kahl					calb					calvo										Português::Curso::A1 Português::Vocabulario::Pessoas::Descripçao Português::Vocabulario::Tipo_Palavra::Adjetivos
graúdo, graúda	graúdo, graúda	graúdo, graúda	crecido, crecida	/gɾɐ.ˈu.du, gɾɐ.ˈu.dɐ/	/ɡɾɐ.'u.du/, /ɡɾɐ.'u.dɐ/	adjm, adjf	bem desenvolvido; crescido.<i>"batata g."</i><br><br>vultoso, considerável. <i>"negócio g."</i><br>diz-se de ou indivíduo de estatura elevada, grandalhão.<br><br>que ou aquele que tem prestígio, influência; poderoso.<br><br><i>"conseguiu regalias através de um funcionário g. da empresa"</i><br>	being a grown-up			adj			crecido, crecida							grand, grande					groß					grande					grande										Português::Curso::A1 Português::Vocabulario::Pessoas::Descripçao Português::Vocabulario::Tipo_Palavra::Adjetivos
negro, negra	negro, negra	negro, negra	negro, negra	/ˈne.gɾu, ˈne.gɾɐ/	/ˈnɛɡɾu/, /ˈnɛɡɾɐ/	adjm, adjf		black	/blæk/		adj			negro, negra	/ˈneɡɾo/						noir, noire					schwarz					negre, negra					nero, nera										Português::Curso::A1 Português::Vocabulario::Pessoas::Descripçao Português::Vocabulario::Tipo_Palavra::Adjetivos
preto, preta	preto, preta	preto, preta	negro, negra	/ˈpɾe.tu, ˈpɾe.tɐ/	/ˈpɾetu/, /ˈpɾetɐ/	adjm, adjf	Es un poco ofensivo y es mejor usar negro, negra cuando se trata de personas. Sin embargo es una palabra común, sobre todo en canciones y en literatura.	black	/blæk/		adj			negro, negra	/ˈneɡɾo/						noir, noire					schwarz					negre, negra					nero, nera										Português::Curso::A1 Português::Vocabulario::Pessoas::Descripçao Português::Vocabulario::Tipo_Palavra::Adjetivos
loiro, loira	loiro, loira	loiro, loira	rubio, rubia	/ˈɫoj.ɾu, ˈɫoj.ɾɐ/	/ˈlɔj.ɾu/, /ˈlɔj.ɾɐ/	adjm, adjf		blond, blonde			adj			rubio, rubia							blond, blonde					blond					ros, rossa					biondo, bionda										Português::Curso::A1 Português::Vocabulario::Pessoas::Descripçao Português::Vocabulario::Tipo_Palavra::Adjetivos
chata, chato	chata, chato	chata, chato	aburrido, aburrida	/ˈʃa.tɐ, ˈʃa.tu/	/ˈʃatɐ/, /ˈʃatu/	adjf , adjm		boring	/əˈnɔɪɪŋ/		adj			aburrido, aburrida	/moˈlesto/, /moˈlesta/						ennuyeux, ennuyeuse					langweilig					avorrit, avorrida					noioso, noiosa										Português::Curso::A1 Português::Vocabulario::Pessoas::Descripçao Português::Vocabulario::Tipo_Palavra::Adjetivos
moreno, morena (cavelo)	moreno, morena	moreno, morena	de pelo oscuro	/mu.ˈɾe.nu, mu.ˈɾe.nɐ/	/mo'ɾenu/, /mo'ɾenɐ/	adjm , adjf		brunette						con pelo oscuro												brünett										castano, castana										Português::Curso::A1 Português::Vocabulario::Pessoas::Descripçao Português::Vocabulario::Tipo_Palavra::Adjetivos
alegre	alegre	alegre	alegre	/ɐ.ˈɫe.gɾɨ/	/ɐ'le.ɡɾi/	adj m/f		cheerful			adj			alegre	/a'leɣɾe/		adj m/f.				heureux					fröhlich					alegre					felice										Português::Curso::A1 Português::Vocabulario::Pessoas::Descripçao Português::Vocabulario::Tipo_Palavra::Adjetivos
comunicativo, comunicativa	comunicativo, comunicativa	comunicativo, comunicativa	comunicativo, comunicativa	/ku.mu.ni.kɐ.ˈti.vu, ku.mu.ni.kɐ.ˈti.vɐ/	/ko.mu.ni.kaˈti.vu/, /ko.mu.ni.kaˈti.vɐ/	adjm, adjf		communicative			adj			comunicativo, comunicativa							communicatif, communicative					kommunikativ					comunicatiu, comunicativa					comunicativo, comunicativa										Português::Curso::A1 Português::Vocabulario::Pessoas::Descripçao Português::Vocabulario::Tipo_Palavra::Adjetivos
convencido, convencida	convencido, convencida	convencido, convencida	engreído, engreída	/kõ.vẽ.ˈsi.du, kõ.vẽ.ˈsi.dɐ/	/kõ.vẽ.ˈsi.du/, /kõ.vẽ.ˈsi.dɐ/	adjm, adjf		condescending			adj			engreído, engreída							hautain, hautaine					überheblich					convençut, convençuda					convinto, convinta										Português::Curso::A1 Português::Vocabulario::Pessoas::Descripçao Português::Vocabulario::Tipo_Palavra::Adjetivos
legal	legal	legal	guay (ES)	/ɫɨ.ˈgaɫ/	/lɨˈɡaw̃/	adj m/f		cool	/blæk/		adj			chido, chida (MEX)							sympa					cool					guai					carino, carina										Português::Curso::A1 Português::Vocabulario::Pessoas::Descripçao Português::Vocabulario::Tipo_Palavra::Adjetivos
covarde	covarde	covarde	cobarde	/ku.ˈvaɾ.dɨ/	/ko.ˈvaɾ.ði/	adj m/f		coward, cowardly			adj			cobarde							lâche					feige					covard					codardo										Português::Curso::A1 Português::Vocabulario::Pessoas::Descripçao Português::Vocabulario::Tipo_Palavra::Adjetivos
curioso, curiosa	curioso, curiosa	curioso, curiosa	curioso, curiosa	/ku.ɾi.ˈo.zu, ku.ɾi.ˈo.zɐ/	/kuɾju'zo/, /kuɾju'zozɐ/	adjm , adjf		curious	/'kjʊriəs/		adj			curioso, curiosa	/kuɾjo'so/, /kuɾjo'sa/		adjm, adjf				curieux, curieuse					neugierig					curiós, curiosa					curioso, curiosa										Português::Curso::A1 Português::Vocabulario::Pessoas::Descripçao Português::Vocabulario::Tipo_Palavra::Adjetivos
moreno, morena (pele)	moreno, morena	moreno, morena	moreno, morena	/mu.ˈɾe.nu, mu.ˈɾe.nɐ/	/mo'ɾenu/, /mo'ɾenɐ/	adjm , adjf		dark-skinned	/ˈdɑːrk ˈhɛrd/		adj			moreno, morena	/mo'ɾeno/, /mo'ɾena/		adjm, adjf				brun, brune										moreno, morena															Português::Curso::A1 Português::Vocabulario::Pessoas::Descripçao Português::Vocabulario::Tipo_Palavra::Adjetivos
divorciado, divorciada	divorciado, divorciada	divorciado, divorciada	divorciado, divorciada	/di.vuɾ.si.ˈa.du, di.vuɾ.si.ˈa.dɐ/		adjm , adjf		divorced	/dɪˈvɔrst/		adj			divorciado, divorciada							divorcé, divorcée					geschieden					divorciat, divorciada					divorziato, divorziata										Português::Curso::A1 Português::Vocabulario::Pessoas::Descripçao Português::Vocabulario::Tipo_Palavra::Adjetivos
excêntrico, excêntrica	excêntrico, excêntrica	excêntrico, excêntrica	excéntrico, excéntrica	/ʃ.ˈsẽ.tɾi.ku, ʃ.ˈsẽ.tɾi.kɐ/	/is.ˈsẽt.ɾi.ku/, /is.ˈsẽt.ɾi.kɐ/	adjm, adjf		eccentric			adj			excéntrico, excéntrica	/di.voɾˈθjaðo/ , /di.voɾˈθjaða/		adjm, adjf				excentrique					exzentrisch					excèntric, excèntrica					eccentrico, eccentrica										Português::Curso::A1 Português::Vocabulario::Pessoas::Descripçao Português::Vocabulario::Tipo_Palavra::Adjetivos
elegante	elegante	elegante	elegante	/i.ɫɨ.ˈgɐ̃.tɨ/	/ɨɫɨ'ɡɐt(ɨ)/	adj m/f	Utilizada para decir que una persona está delgada, aparte de elegante.	elegant, thin	/ˈɛlɪɡənt/		adj			elegante							élégant					elegant					elegant					elegante										Português::Curso::A1 Português::Vocabulario::Pessoas::Descripçao Português::Vocabulario::Tipo_Palavra::Adjetivos
gordo, gorda	gordo, gorda	gordo, gorda	gordo, gorda	/ˈgoɾ.du, ˈgoɾ.dɐ/	/'ɡoʁdu/, /'ɡoʁdɐ/	adjm , adjf		fat	/fæt/		adj			gordo, gorda	/ele'ɣante/		adj m/f.				gros, grosse					dick					gros, grossa					grasso, grassa										Português::Curso::A1 Português::Vocabulario::Pessoas::Descripçao Português::Vocabulario::Tipo_Palavra::Adjetivos
simpático, simpática	simpático, simpática	simpático, simpática	simpático, simpática	/sĩ.ˈpa.ti.ku, sĩ.ˈpa.ti.kɐ/	/sĩ'patiku/, /sĩ'patikɐ/	adjm , adjf		friendly	/naɪs/		adj			simpático, simpática	/'goɾðo/, /'goɾða/		adjm, adjf				sympa					nett					simpàtic, simpàtica					simpatico, simpatica										Português::Curso::A1 Português::Vocabulario::Pessoas::Descripçao Português::Vocabulario::Tipo_Palavra::Adjetivos
divertido, divertida	divertido, divertida	divertido, divertida	divertido, divertida	/di.vɨɾ.ˈti.du, di.vɨɾ.ˈti.dɐ/	/di.vɛʁ'tidu/, /di.vɛʁ'tidɐ/	adjm , adjf		fun	/fʌn/		adj			divertido, divertida	/sim'patiko/, /sim'patika/		adjm, adjf				drôle					lustig					divertit, divertida					divertente										Português::Curso::A1 Português::Vocabulario::Pessoas::Descripçao Português::Vocabulario::Tipo_Palavra::Adjetivos
engraçado, engraçada	engraçado, engraçada	engraçado, engraçada	gracioso, graciosa	/ẽ.gɾɐ.ˈsa.du, ẽ.gɾɐ.ˈsa.dɐ/	/ẽ.ɡɾɐˈsa.du/, /ẽ.ɡɾɐˈsa.dɐ/	adjm , adjf		funny	/ˈfʌni/		adj			gracioso, graciosa	/diβeɾˈtiðo/, /diβeɾˈtiða/		adjm, adjf				drôle					lustig					graciós, graciosa					divertente										Português::Curso::A1 Português::Vocabulario::Pessoas::Descripçao Português::Vocabulario::Tipo_Palavra::Adjetivos
feliz	feliz	feliz	feliz	/fɨ.ˈɫiʃ/		adj m/f		happy	/ˈhæp.i/		adj			feliz	/ɡɾaˈθjoso/, /ɡɾaˈθjosa/						heureux					glücklich					feliç					felice										Português::Curso::A1 Português::Vocabulario::Pessoas::Descripçao Português::Vocabulario::Tipo_Palavra::Adjetivos
trabalhador, trabalhadora	trabalhador, trabalhadora	trabalhador, trabalhadora	trabajador, trabajadora	/tɾɐ.bɐ.ʎɐ.ˈdoɾ, tɾɐ.bɐ.ʎɐ.ˈdo.ɾɐ/	/tɾɐbaʎa'doɾ/, /tɾɐbaʎa'doɾɐ/	adjm , adjf		hardworking	/ˈhɑːrdˌwɜːrkɪŋ/		adj			trabajador, trabajadora	/feˈlis/		adj m/f.				travailleur, travailleuse					fleißig					treballador, treballadora					lavoratore, lavoratrice										Português::Curso::A1 Português::Vocabulario::Pessoas::Descripçao Português::Vocabulario::Tipo_Palavra::Adjetivos
independente	independente	independente	independiente	/ĩ.dɨ.pẽ.ˈdẽ.tɨ/	/ĩ.ˌde.pẽ.ˈdẽ.tʃi/	adj m/f		independent			adj			independiente	/tɾaβaxaˈðoɾ/, /tɾaβaxaˈðoɾa/		adjm, adjf				indépendant					unabhängig					independent					indipendente										Português::Curso::A1 Português::Vocabulario::Pessoas::Descripçao Português::Vocabulario::Tipo_Palavra::Adjetivos
inteligente	inteligente	inteligente	inteligente	/ĩ.tɨ.ɫɨ.ˈʒẽ.tɨ/	/ĩ.tɨɫiˈʒẽ.tʃi/	adj m/f		intelligent	/ɪnˈtɛlɪdʒənt/		adj			inteligente							intelligent					intelligent					intel·ligent					intelligente										Português::Curso::A1 Português::Vocabulario::Pessoas::Descripçao Português::Vocabulario::Tipo_Palavra::Adjetivos
introvertido, introvertida	introvertido, introvertida	introvertido, introvertida	introvertido, introvertida	/ĩ.tɾu.vɨɾ.ˈti.du, ĩ.tɾu.vɨɾ.ˈti.dɐ/	/ĩtɾow.veʁ'tidu/, /ĩtɾow.veʁ'tidɐ/	adjm , adjf		introverted	/ˌɪntrəˈvɜrtɪd/		adj			introvertido, introvertida	/inteˈli.xente/						introverti					introvertiert					introvertit, introvertida					introverso, introversa										Português::Curso::A1 Português::Vocabulario::Pessoas::Descripçao Português::Vocabulario::Tipo_Palavra::Adjetivos
preguiçoso, preguiçosa	preguiçoso, preguiçosa	preguiçoso, preguiçosa	perezoso, perezosa	/pɾɨ.gi.ˈso.zu, pɾɨ.gi.ˈso.zɐ/	/pɾɨ.ɡi'sozu/, /pɾɨ.ɡi'sozɐ/	adjm , adjf		lazy	/ˈleɪzi/		adj			perezoso, perezosa	/introβer'tiðo/, /introβer'tiða/		adjm, adjf				paresseux, paresseuse					faul					peresós, peresosa					pigro, pigra										Português::Curso::A1 Português::Vocabulario::Pessoas::Descripçao Português::Vocabulario::Tipo_Palavra::Adjetivos
cabelo comprido	cabelo comprido	cabelo comprido	pelo largo	/kɐ.ˈbe.ɫu kõ.ˈpɾi.du/	/kõ'pɾidu/, /kõ'pɾidɐ/	adjm, adjf		long hair	/lɔŋ/		adj			largo, larga (pelo)	/peɾe'θoso/, /peɾe'θosa/		adjm, adjf				longs (cheveux)					lange (Haare)					llarg, llarga (cabell)					lunghi, lunga (capelli)										Português::Curso::A1 Português::Vocabulario::Pessoas::Descripçao Português::Vocabulario::Tipo_Palavra::Adjetivos
longa, longo	longa, longo	longa, longo	largo, larga	/ˈɫõ.gɐ, ˈɫõ.gu/	/'lõɡɐ/, /'lõɡu/	adjf , adjm		long	/lɔŋ/		adj			largo, larga	/'laɾɡo/, /'laɾɡa/		adjf, adjm				long					long					llarg, llarga					lungo, lunga										Português::Curso::A1 Português::Vocabulario::Pessoas::Descripçao Português::Vocabulario::Tipo_Palavra::Adjetivos
mais nova, novo	mais nova, novo	mais nova, novo	más joven	/ˈmajʒ ˈno.vɐ, ˈno.vu/		adjm , adjf		new	/nuː/		adj			más joven	/kaˈsaða/  , /kaˈsaðo/		adjm, adjf				plus jeune					jünger					més jove					più giovane										Português::Curso::A1 Português::Vocabulario::Pessoas::Descripçao Português::Vocabulario::Tipo_Palavra::Adjetivos
barulhento, barulhenta	barulhento, barulhenta	barulhento, barulhenta	ruidoso, ruidosa	/bɐ.ɾu.ˈʎẽ.tu, bɐ.ɾu.ˈʎẽ.tɐ/	/ba.ɾu.ˈʎẽ.tu/, /ba.ɾu.ˈʎẽ.tɐ/	adjm, adjf		noisy			adj			ruidoso, ruidosa	/ˈnwe.βa/, /ˈnwe.βo/		adjf, adjm				bruillant					laut					sorollós, sorollosa					rumoroso, rumorosa										Português::Curso::A1 Português::Vocabulario::Pessoas::Descripçao Português::Vocabulario::Tipo_Palavra::Adjetivos
mais velho, velha	mais velho, velha	mais velho, velha	mayor	/ˈmajʒ ˈvɐ.ʎu, ˈvɐ.ʎɐ/	/'vɛʎu/, /'vɛʎɐ/	adjm , adjf		old	/oʊld/		adj			mayor							plus âgé					älter					més vell, més vella					più vecchio, più vecchia										Português::Curso::A1 Português::Vocabulario::Pessoas::Descripçao Português::Vocabulario::Tipo_Palavra::Adjetivos
profissional	profissional	profissional	profesional	/pɾu.fɨ.si.u.ˈnaɫ/	/pɾu.fis.si.o.ˈnal/	adj m/f		professional			adj			profesional	/'bje.xo/, /'bje.xa/		adjm, adjf				professionnel					professionell					professional					professionale										Português::Curso::A1 Português::Vocabulario::Pessoas::Descripçao Português::Vocabulario::Tipo_Palavra::Adjetivos
ruivo, ruiva	ruivo, ruiva	ruivo, ruiva	pelirrojo, pelirroja	/ˈʁuj.vu, ˈʁuj.vɐ/	/'ʁuivu/, /'ʁuivɐ/	adjm , adjf		red-haired	/ˈrɛdˌhɛrd/		adj			pelirrojo, pelirroja							roux, rousse					rothaarig					pel-roig, pel-roja					rosso, rossa										Português::Curso::A1 Português::Vocabulario::Pessoas::Descripçao Português::Vocabulario::Tipo_Palavra::Adjetivos
aposentado, aposentada	aposentado, aposentada (PT)	aposentado, aposentada (PT)	jubilado, jubilada	/ɐ.pu.zẽ.ˈta.du, ɐ.pu.zẽ.ˈta.dɐ/	/ɐpozẽ'tadu/, /ɐpozẽ'tadɐ/	adjm , adjf		retired	/rɪ'taɪɚd/		adj			jubilado, jubilada	/peˈli'rroxo/, /peˈli'rroxa/		adjm, adjf				retraité, retraitée					rentner					jubilat, jubilada					pensionato, pensionata										Português::Curso::A1 Português::Vocabulario::Pessoas::Descripçao Português::Vocabulario::Tipo_Palavra::Adjetivos
sério, séria	sério, séria	sério, séria	serio, seria	/ˈsɛ.ɾi.u, ˈsɛ.ɾi.ɐ/	/'seʁiu/, /'seʁjɐ/	adjm , adjf		serious	/ˈsɪriəs/		adj			serio, seria	/xuβi'laðo/, /xuβi'laða/		adjm, adjf				sérieux, sérieuse					ernst					seriós, seriosa					serio, seria										Português::Curso::A1 Português::Vocabulario::Pessoas::Descripçao Português::Vocabulario::Tipo_Palavra::Adjetivos
baixo, baixa	baixo, baixa	baixo, baixa	bajo, baja	/ˈbaj.ʃu, ˈbaj.ʃɐ/	/'bajʃu/, /'bajʃɐ/	adjm , adjf		short	/ʃɔːrt/		adj			bajo, baja	/'seɾjo/, /'seɾja/		adjm, adjf				petit, petite					klein					baix, baixa					basso, bassa										Português::Curso::A1 Português::Vocabulario::Pessoas::Descripçao Português::Vocabulario::Tipo_Palavra::Adjetivos
cabelo curto	cabelo curto	cabelo curto	pelo corto	/kɐ.ˈbe.ɫu ˈkuɾ.tu/	/'kuʁtu/, /'kuʁtɐ/	adjm , adjf		short	/ʃɔːrt/		adj			corto, corta (pelo)	/'baxo/, /'baxa/		adjm, adjf				court (cheveux)					kurz (Haare)					curt, curta (cabell)					corti, corta (capelli)										Português::Curso::A1 Português::Vocabulario::Pessoas::Descripçao Português::Vocabulario::Tipo_Palavra::Adjetivos
tímido, tímida	tímido, tímida	tímido, tímida	tímido, tímida	/ˈti.mɨ.du, ˈti.mɨ.dɐ/	/'timidu/, /'timidɐ/	adjm , adjf		shy	/'tɪmɪd/		adj			tímido, tímida	/'koɾto/, /'koɾta/		adjm, adjf				timide					schüchtern					tímid, tímida					timido, timida										Português::Curso::A1 Português::Vocabulario::Pessoas::Descripçao Português::Vocabulario::Tipo_Palavra::Adjetivos
miúdo, miúda	miúdo, miúda	miúdo, miúda	niño, niña	/mi.ˈu.du, mi.ˈu.dɐ/	/mi.ˈu.du/, /mi.ˈu.dɐ/	adjm , adjf		small			adj			niño, niña	/solˈteɾa/, /solˈteɾo/		adjm, adjf				gosse					kind					xiquet, xiqueta					bambino, bambina										Português::Curso::A1 Português::Vocabulario::Pessoas::Descripçao Português::Vocabulario::Tipo_Palavra::Adjetivos
esperto, esperta	esperto, esperta	esperto, esperta	listo, lista	/ʃ.ˈpeɾ.tu, ʃ.ˈpeɾ.tɐ/	/is.ˈpeʁ.tu/, /is.ˈpeʁ.tɐ/	adjm , adjf		smart			adj			listo, lista							malin, maligne					schlau					llest, llesta					furbo, furba										Português::Curso::A1 Português::Vocabulario::Pessoas::Descripçao Português::Vocabulario::Tipo_Palavra::Adjetivos
cabelo liso	cabelo liso	cabelo liso	pelo liso	/kɐ.ˈbe.ɫu ˈɫi.zu/	/'lizu/, /'lizɐ/	adjm , adjf		straight hair	/streɪt/		adj			liso, lisa (pelo)							lisses (cheveux)					glatt (Haare)					llis, llisa (cabell)					dritti, diritta (capelli)										Português::Curso::A1 Português::Vocabulario::Pessoas::Descripçao Português::Vocabulario::Tipo_Palavra::Adjetivos
sociável	sociável	sociável	sociable	/su.si.ˈa.vɛɫ/	/so.si'a'vel/	adj m/f		sociable	/'soʊʃəbəl/		adj			sociable	/'liso/, /'lisa/		adjm, adjf				sociable					gesellig					sociable					socievole										Português::Curso::A1 Português::Vocabulario::Pessoas::Descripçao Português::Vocabulario::Tipo_Palavra::Adjetivos
teimoso, teimosa	teimoso, teimosa	teimoso, teimosa	terco, terca	/tɐj.ˈmo.zu, tɐj.ˈmo.zɐ/	/tei.'mo.zu/, /tei.'mo.zɐ/	adjm , adjf		stubborn			adj			terco, terca	/so.sja'βle/		adj m/f.				têtu, têtue					stur					caparrut, caparruda					testardo, testarda										Português::Curso::A1 Português::Vocabulario::Pessoas::Descripçao Português::Vocabulario::Tipo_Palavra::Adjetivos
falador, faladora	falador, faladora	falador, faladora	elegante	/fɐ.ɫɐ.ˈdoɾ, fɐ.ɫɐ.ˈdo.ɾɐ/	/fɐ.la'doɾ/, /fɐ.la'doɾɐ/	adjm , adjf		talkative	/'tɔkətɪv/		adj			elegante	/aβla'ðoɾ/, /aβla'ðoɾa/		adjm, adjf				élégant					elegant					elegant					elegante										Português::Curso::A1 Português::Vocabulario::Pessoas::Descripçao Português::Vocabulario::Tipo_Palavra::Adjetivos
alto, alta	alto, alta	alto, alta	alto, alta	/ˈaɫ.tu, ˈaɫ.tɐ/	/'awtu/, /'awtɐ/	adjm , adjf		tall	/tɔːl/		adj			alto, alta	/ˈalta/,/ˈalto/		adjf				grand, grande					groß					alt, alta					alto, alta										Português::Curso::A1 Português::Vocabulario::Pessoas::Descripçao Português::Vocabulario::Tipo_Palavra::Adjetivos
elegante	elegante	elegante	flaco, flaca	/i.ɫɨ.ˈgɐ̃.tɨ/	/ɨɫɨ'ɡɐt(ɨ)/	adj m/f		thin	/ˈɛlɪɡənt/		adj			flaco, flaca							maigre					dünn					primat, primada					magro, magra										Português::Curso::A1 Português::Vocabulario::Pessoas::Descripçao Português::Vocabulario::Tipo_Palavra::Adjetivos
magro, magra	magro, magra	magro, magra	ordenado, ordenada	/ˈma.gɾu, ˈma.gɾɐ/	/'maɡɾu/, /'maɡɾɐ/	adjm , adjf	La palabra magro, y el verbo emagrecer está muy ligado a estar enfermo, así que utilizarla para describir a una persona puede resultar ofensivo. <br>Cuando se quiere hacer un cumplido usar <i>"elegante".<i>	skinny	/θɪn/		adj			ordenado, ordenada	/delˈɣaðo/, /delˈɣaða/		adjm, adjf				ordonné, ordonnée					ordentlich					endreçat, endreçada					ordinato, ordinata										Português::Curso::A1 Português::Vocabulario::Pessoas::Descripçao Português::Vocabulario::Tipo_Palavra::Adjetivos
arrumado, arrumada	arrumado, arrumada	arrumado, arrumada	cansado, cansada	/a.ʁu.ˈma.du, a.ʁu.ˈma.dɐ/	/ɐ.ʁuˈma.du/, /ɐ.ʁuˈma.dɐ/	adjm , adjf		tidy	/ˈtaɪdi/		adj			cansado, cansada	/areˈɣlaðo/, /areˈɣlaða/						fatigué, fatiguée					müde					cansat, cansada					stanco, stanca										Português::Curso::A1 Português::Vocabulario::Pessoas::Descripçao Português::Vocabulario::Tipo_Palavra::Adjetivos
cansada, cansado	cansada, cansado	cansada, cansado	antipático, antipática	/kɐ̃.ˈsa.dɐ, kɐ̃.ˈsa.du/	/kɐ̃'sadɐ/, /kɐ̃'sadu/	adjm , adjf		tired	/ˈtaɪərd/		adj			antipático, antipática	/kan'saðo/, /kan'saða/		adjm, adjf				antipathique					unsympathisch					antipàtic, antipàtica					antipatico, antipatica										Português::Curso::A1 Português::Vocabulario::Pessoas::Descripçao Português::Vocabulario::Tipo_Palavra::Adjetivos
antipático, antipática	antipático, antipática	antipático, antipática	desordenado, desordenada	/ɐ̃.ti.ˈpa.ti.ku, ɐ̃.ti.ˈpa.ti.kɐ/	/ɐ̃tʃipɐ'tiku/, /ɐ̃tʃipɐ'tikɐ/	adjm , adjf		unfriendly	/ʌnˈfrɛndli/		adj			desordenado, desordenada	/anti'patiko/, /anti'patika/		adjm, adjf				désordonné, désordonnée					unordentlich					desendreçat, desendreçada					disordinato, disordinata										Português::Curso::A1 Português::Vocabulario::Pessoas::Descripçao Português::Vocabulario::Tipo_Palavra::Adjetivos
dessarrumado, desarrumada	dessarrumado, desarrumada	dessarrumado, desarrumada	viudo, viuda	/dɨ.sa.ʁu.ˈma.du, dɨ.za.ʁu.ˈma.dɐ/	/desɐʁu'madu/, /desɐʁu'madɐ/	adjm , adjf		untidy	/ˈmɛsi/		adj			viudo, viuda	/desoɾðe'nado/, /desoɾðe'nada/		adjm, adjf				veuf, veuve					Witwer, Witwe					vidu, vídua					vedovo, vedova										Português::Curso::A1 Português::Vocabulario::Pessoas::Descripçao Português::Vocabulario::Tipo_Palavra::Adjetivos
viúvo, viúva	viúvo, viúva	viúvo, viúva	viudo, viuda	/vi.ˈu.vu/  ,  /vi.ˈu.vɐ/		adjm , adjf		widower, widow	/ˈwɪdoʊd/		adj			viudo, viuda	/ˈbwido/ , /ˈbwida/		adjm, adjf																													Português::Curso::A1 Português::Vocabulario::Pessoas::Estado_civil Português::Vocabulario::Pessoas::Familia Português::Vocabulario::Tipo_Palavra::Adjetivos
casada, casado	casada, casado	casada, casado	casado, casada	/kɐ.ˈza.dɐ/  ,   /kɐ.ˈza.du/		adjf , adjm		married	/ˈmærɪd/		adj			casado, casada	/&#x27;laɾɡo/, /&#x27;laɾɡa/		adjm, adjf				marié, mariée					verheiratet					casat, casada					sposato, sposata										Português::Curso::A1 Português::Vocabulario::Pessoas::Estado_civil Português::Vocabulario::Pessoas::Familia Português::Vocabulario::Tipo_Palavra::Adjetivos
solteiro, solteira	solteiro, solteira	solteiro, solteira	soltero, soltera	/sɔɫ.ˈtɐj.ɾu/ ,  /sɔɫ.ˈtɐj.ɾɐ/		adjm , adjf		single	/ˈsɪŋɡəl/		adj			soltero, soltera	/&#x27;timiðo/, /&#x27;timiða/		adjm, adjf				célibataire					ledig					solter, soltera					single										Português::Curso::A1 Português::Vocabulario::Pessoas::Estado_civil Português::Vocabulario::Pessoas::Familia Português::Vocabulario::Tipo_Palavra::Adjetivos